estacion,numero_de_trenes_que_salen,destinos_con_y_sin_transbordo_a,conexiones_directas_a,billetes_con_transbordo_a,
Algeciras,5,12,Antequera (*) (4) - Bobadilla (3) - Granada (3) - Córdoba (2) - Madrid (*) (2) - Ciudad Real (1) - Puertollano (1) - ,Ciudad Real (3) - Córdoba (3) - Lleida (2) - Tarragona (*) (2) - Barcelona (*) (2) - Puente Genil (*) (2) - Puertollano (2) - Zaragoza (*) (2) - Madrid (*) (1) -  , 

A Coruña,31,45,Santiago de Compostela (24) - Vigo Guixar (16) - Pontevedra (16) - Ourense (8) - Monforte de Lemos (5) - Zamora (4) - Medina del Campo (4) - Lugo (4) - Madrid (*) (4) - Ferrol (3) - Segovia (*) (2) - Ponferrada (2) - Palencia (2) - Burgos Rosa de Lima (2) - León (2) - Logroño (1) - Lleida (1) - Zaragoza (*) (1) - Tudela de Navarra (1) - Tarragona (*) (1) - Miranda de Ebro (1) - Sahagún (1) - Avila (1) - Vitoria/Gasteiz (1) - San Sebastián/Donostia (1) - Irún (1) - Hendaya (1) - Barcelona (*) (1) - ,Tudela de Navarra (3) - Ourense (3) - Pamplona/Iruña (3) - Zaragoza (*) (3) - Ponferrada (2) - Tarragona (*) (2) - Lleida (2) - Córdoba (2) - Barcelona (*) (2) - Cuenca (*) (2) - Vitoria/Gasteiz (2) - Miranda de Ebro (2) - Burgos Rosa de Lima (2) - Palencia (2) - Sahagún (2) - León (2) - Monforte de Lemos (2) - Salamanca (*) (1) - Figueres Vilafant (1) - Girona (1) - Cádiz (1) - San Fernando (*) (1) - Puerto Santa María (1) - Jerez de la Frontera (1) - Alicante / Alacant (1) - Málaga MarÃ­a Zambrano (1) - Villena AV (1) - Albacete (1) - Sevilla (1) - Ferrol (1) - Valencia (*) (1) - Requena / Utiel (1) - Lugo (1) - Madrid (*) (1) -  , 

Alicante / Alacant,26,35,Valencia (*) (11) - Albacete (11) - Madrid (*) (9) - Villena (9) - Barcelona (*) (8) - Tarragona (*) (8) - Villena AV (7) - XÃ tiva (7) - Murcia (4) - Benicassim (4) - Valladolid Campo Grande (2) - Segovia (*) (2) - Palencia (2) - Alcázar de San Juan (2) - Oropesa/Orpesa (2) - Oviedo (1) - León (1) - Sahagún (1) - Santander (1) - Montpellier (1) - Portbou (1) - Lorca-Sutullena (1) - Teruel (1) - Zaragoza (*) (1) - ,Madrid (*) (3) - Valencia (*) (2) - Teruel (2) - Zaragoza (*) (2) - Toledo (2) - Segovia (*) (2) - Palencia (1) - Valladolid Campo Grande (1) - Vitoria/Gasteiz (1) - Miranda de Ebro (1) - Sahagún (1) - León (1) - Oviedo (1) - Pontevedra (1) - Vigo Guixar (1) - A Coruña (1) - Santiago de Compostela (1) - Ourense (1) - Zamora (1) - Medina del Campo (1) - Burgos Rosa de Lima (1) -  , 

Almería,6,13,Antequera (*) (4) - Granada (4) - Sevilla (4) - Alcázar de San Juan (2) - Madrid (*) (2) - Linares-Baeza (2) - Valdepeñas (1) - ,Barcelona (*) (1) - Tarragona (*) (1) - Castellón /Castelló (1) - Valencia (*) (1) - XÃ tiva (1) - Albacete (1) - Alcázar de San Juan (1) - Valdepeñas (1) - Linares-Baeza (1) -  , 

Bobadilla,17,14,Málaga MarÃ­a Zambrano (6) - Sevilla (5) - Granada (3) - Antequera (*) (3) - Algeciras (3) - ,Ciudad Real (3) - Córdoba (3) - Lleida (2) - Tarragona (*) (2) - Barcelona (*) (2) - Puente Genil (*) (2) - Puertollano (2) - Zaragoza (*) (2) - Madrid (*) (1) -  , 

Albacete,45,54,Madrid (*) (17) - Alicante / Alacant (11) - Alcázar de San Juan (11) - Cuenca (*) (7) - Villena AV (7) - Valencia (*) (6) - Murcia (5) - XÃ tiva (5) - Cartagena (4) - Barcelona (*) (2) - Ciudad Real (2) - Linares-Baeza (2) - Segovia (*) (2) - Castellón /Castelló (2) - Tarragona (*) (2) - Elda-Petrer (2) - Villena (2) - Valladolid Campo Grande (2) - Palencia (2) - Santander (1) - Oviedo (1) - León (1) - Sahagún (1) - Gijón (1) - Sevilla (1) - Valdepeñas (1) - Granada (1) - Córdoba (1) - ,Segovia (*) (2) - Madrid (*) (2) - Castellón /Castelló (2) - Toledo (2) - Figueres Vilafant (2) - Girona (2) - Barcelona (*) (2) - Tarragona (*) (2) - Oropesa/Orpesa (2) - Benicassim (2) - Mérida (1) - Salamanca (*) (1) - Avila (1) - Valladolid Campo Grande (1) - Badajoz (1) - Huelva (1) - Burgos Rosa de Lima (1) - Almería (1) - Málaga MarÃ­a Zambrano (1) - Antequera (*) (1) - Puente Genil (*) (1) - Puertollano (1) - Ciudad Real (1) - Miranda de Ebro (1) - Ferrol (1) - Pontevedra (1) - Vigo Guixar (1) - A Coruña (1) - Santiago de Compostela (1) - Ourense (1) - Zamora (1) - Medina del Campo (1) - Vitoria/Gasteiz (1) -  , 

Alcázar de San Juan,38,35,Madrid (*) (14) - Albacete (11) - Linares-Baeza (8) - Valdepeñas (6) - Ciudad Real (5) - Jaén (4) - Valencia (*) (4) - XÃ tiva (3) - Murcia (3) - Tarragona (*) (2) - Villena (2) - Elda-Petrer (2) - Barcelona (*) (2) - Almería (2) - Castellón /Castelló (2) - Alicante / Alacant (2) - Cartagena (2) - Sevilla (1) - Puertollano (1) - Córdoba (1) - Badajoz (1) - Granada (1) - Mérida (1) - ,Figueres Vilafant (3) - Girona (3) - Barcelona (*) (2) - Tarragona (*) (2) - Antequera (*) (1) - Almería (1) - Málaga MarÃ­a Zambrano (1) - Huelva (1) - Puente Genil (*) (1) - Guadalajara (*) (1) - Zaragoza (*) (1) - Segovia (*) (1) - Valladolid Campo Grande (1) - Oropesa/Orpesa (1) - Benicassim (1) - Castellón /Castelló (1) -  , 

Antequera (*),45,32,Córdoba (17) - Antequera (*) (14) - Puente Genil (*) (12) - Málaga MarÃ­a Zambrano (10) - Sevilla (10) - Madrid (*) (9) - Granada (9) - Ciudad Real (7) - Puertollano (6) - Algeciras (5) - Almería (4) - Bobadilla (3) - Zaragoza (*) (2) - Lleida (2) - Tarragona (*) (2) - Barcelona (*) (2) - ,Ciudad Real (3) - Córdoba (3) - Barcelona (*) (3) - Valencia (*) (3) - Tarragona (*) (3) - Cuenca (*) (2) - Huelva (2) - Segovia (*) (2) - Puente Genil (*) (2) - Valladolid Campo Grande (2) - Puertollano (2) - Lleida (2) - Zaragoza (*) (2) - Requena / Utiel (1) - Madrid (*) (1) - Málaga MarÃ­a Zambrano (1) - Tudela de Navarra (1) - Pamplona/Iruña (1) - Jaén (1) - Castellón /Castelló (1) - Toledo (1) - XÃ tiva (1) - Albacete (1) - Alcázar de San Juan (1) - Valdepeñas (1) - Linares-Baeza (1) -  , 

Avila,38,32,Madrid (*) (18) - Medina del Campo (11) - Valladolid Campo Grande (9) - Salamanca (*) (9) - Palencia (6) - Vitoria/Gasteiz (3) - Burgos Rosa de Lima (3) - Miranda de Ebro (3) - Sahagún (2) - San Sebastián/Donostia (2) - Irún (2) - León (2) - Albacete (1) - Murcia (1) - Entroncamento (1) - Alcázar de San Juan (1) - Cartagena (1) - Pontevedra (1) - A Coruña (1) - Santiago de Compostela (1) - Vigo Guixar (1) - Ourense (1) - Zamora (1) - Lisboa (*) (1) - ,Palencia (4) - Madrid (*) (3) - León (2) - Santander (2) - Sahagún (1) - Miranda de Ebro (1) - Burgos Rosa de Lima (1) - Gijón (1) - Oviedo (1) - Vitoria/Gasteiz (1) - San Sebastián/Donostia (1) - Ferrol (1) - Lugo (1) - Monforte de Lemos (1) - Ponferrada (1) - Irún (1) - Hendaya (1) - Valladolid Campo Grande (1) - Medina del Campo (1) -  , 

Badajoz,6,19,Mérida (6) - Madrid (*) (2) - Cáceres (2) - Navalmoral de la Mata (2) - Ciudad Real (1) - Puertollano (1) - Alcázar de San Juan (1) - ,Barcelona (*) (3) - Tarragona (*) (3) - Madrid (*) (2) - Cáceres (2) - Guadalajara (*) (2) - Zaragoza (*) (2) - Navalmoral de la Mata (1) - Calatayud (1) - Lleida (1) - Girona (1) - Castellón /Castelló (1) - Valencia (*) (1) - XÃ tiva (1) - Albacete (1) - Figueres Vilafant (1) - Ciudad Real (1) -  , 

Benicassim,24,25,Castellón /Castelló (11) - Valencia (*) (11) - Oropesa/Orpesa (10) - Tarragona (*) (7) - Barcelona (*) (7) - Madrid (*) (3) - Alicante / Alacant (3) - Villena (3) - XÃ tiva (3) - Elda-Petrer (3) - Girona (2) - Murcia (2) - Cuenca (*) (2) - Cartagena (2) - Figueres (1) - Montpellier (1) - Figueres Vilafant (1) - Portbou (1) - Valladolid Campo Grande (1) - Palencia (1) - León (1) - Oviedo (1) - Gijón (1) - ,Girona (3) - Figueres Vilafant (3) - Tarragona (*) (2) - Barcelona (*) (2) - Lorca-Sutullena (1) - Cuenca (*) (1) - Requena / Utiel (1) - Madrid (*) (1) - Murcia (1) - Alicante / Alacant (1) - Elda-Petrer (1) - Villena (1) - XÃ tiva (1) - Valencia (*) (1) - Castellón /Castelló (1) -  , 

Bilbao-Abando,5,32,Miranda de Ebro (5) - Zaragoza (*) (2) - Tudela de Navarra (2) - Logroño (2) - Lleida (2) - Tarragona (*) (2) - Barcelona (*) (2) - Burgos Rosa de Lima (2) - Segovia (*) (1) - Valladolid Campo Grande (1) - Madrid (*) (1) - Palencia (1) - Sahagún (1) - León (1) - Ponferrada (1) - Monforte de Lemos (1) - Ourense (1) - Vigo Guixar (1) - ,Medina del Campo (3) - Madrid (*) (3) - Salamanca (*) (3) - Guadalajara (*) (2) - Valladolid Campo Grande (2) - Cartagena (1) - Ferrol (1) - Miranda de Ebro (1) - Burgos Rosa de Lima (1) - Lugo (1) - Murcia (1) - Alicante / Alacant (1) - Elda-Petrer (1) - Villena (1) - XÃ tiva (1) - Valencia (*) (1) - Teruel (1) - Segovia (*) (1) - Sevilla (1) -  , 

Blois,1,4,Madrid (*) (1) - Valladolid Campo Grande (1) - Burgos Rosa de Lima (1) - Vitoria/Gasteiz (1) - , , 

Burgos Rosa de Lima,26,42,Miranda de Ebro (12) - Vitoria/Gasteiz (10) - Valladolid Campo Grande (8) - Palencia (7) - Zaragoza (*) (5) - San Sebastián/Donostia (5) - Tudela de Navarra (5) - Irún (5) - Madrid (*) (5) - Lleida (4) - Barcelona (*) (4) - León (4) - Medina del Campo (4) - Tarragona (*) (4) - Pamplona/Iruña (3) - Hendaya (3) - Monforte de Lemos (3) - Ponferrada (3) - Ourense (3) - Sahagún (3) - Vigo Guixar (3) - Avila (3) - A Coruña (2) - Bilbao-Abando (2) - Logroño (2) - Salamanca (*) (1) - Gijón (1) - Lugo (1) - Lisboa (*) (1) - Santiago de Compostela (1) - Oviedo (1) - Entroncamento (1) - Blois (1) - Orleans-Les Aubrais (1) - Oporto-Porto Campanha (1) - París Austerlitz (1) - Segovia (*) (1) - ,Salamanca (*) (6) - Medina del Campo (6) - Valladolid Campo Grande (3) - Madrid (*) (3) - Lugo (2) - Tudela de Navarra (2) - Santiago de Compostela (2) - A Coruña (2) - Segovia (*) (2) - Ferrol (2) - Miranda de Ebro (2) - Zaragoza (*) (2) - Irún (1) - Hendaya (1) - Logroño (1) - Girona (1) - Figueres Vilafant (1) - Pamplona/Iruña (1) - Santander (1) - Vitoria/Gasteiz (1) - Bilbao-Abando (1) - San Sebastián/Donostia (1) - Sevilla (1) -  , 

Cáceres,10,13,Mérida (5) - Madrid (*) (5) - Navalmoral de la Mata (5) - Badajoz (1) - Sevilla (1) - ,Guadalajara (*) (2) - Zaragoza (*) (2) - Barcelona (*) (2) - Tarragona (*) (2) - Lleida (1) - Girona (1) - Calatayud (1) - Figueres Vilafant (1) - Badajoz (1) -  , 

Cádiz,16,30,San Fernando (*) (16) - Puerto Santa María (16) - Jerez de la Frontera (16) - Sevilla (15) - Córdoba (9) - Madrid (*) (4) - Jaén (3) - Valladolid Campo Grande (2) - Palencia (2) - Ciudad Real (2) - Puertollano (2) - Santander (1) - Sahagún (1) - León (1) - Oviedo (1) - Gijón (1) - ,Madrid (*) (9) - Córdoba (9) - Tarragona (*) (2) - Barcelona (*) (2) - Zaragoza (*) (2) - Ciudad Real (2) - Valladolid Campo Grande (1) - Lleida (1) - Málaga MarÃ­a Zambrano (1) - Bobadilla (1) - Puertollano (1) - Figueres Vilafant (1) - Girona (1) - Cuenca (*) (1) - Badajoz (1) - Valencia (*) (1) - Mérida (1) - Segovia (*) (1) - Guadalajara (*) (1) -  , 

Calatayud,29,36,Zaragoza (*) (14) - Madrid (*) (12) - Guadalajara (*) (8) - Tarragona (*) (7) - Barcelona (*) (7) - Lleida (6) - Figueres Vilafant (3) - Girona (3) - Reus (2) - Tudela de Navarra (2) - Pamplona/Iruña (2) - Huesca (1) - Logroño (1) - Monzón-Río Cinca (1) - ,Tudela de Navarra (4) - Córdoba (3) - San Sebastián/Donostia (2) - Irún (2) - Bilbao-Abando (2) - Miranda de Ebro (2) - Logroño (2) - Pamplona/Iruña (2) - Antequera (*) (2) - Málaga MarÃ­a Zambrano (2) - Mérida (1) - Badajoz (1) - Segovia (*) (1) - Cádiz (1) - San Fernando (*) (1) - Jaén (1) - Puerto Santa María (1) - Cáceres (1) - Jerez de la Frontera (1) - Linares-Baeza (1) - Sevilla (1) - Navalmoral de la Mata (1) - Valdepeñas (1) - Valladolid Campo Grande (1) - Alcázar de San Juan (1) -  , 

Cartagena,11,24,Murcia (11) - Alicante / Alacant (3) - Albacete (3) - Madrid (*) (3) - Elda-Petrer (3) - Villena (3) - XÃ tiva (3) - Valencia (*) (3) - Alcázar de San Juan (2) - Castellón /Castelló (1) - Tarragona (*) (1) - Barcelona (*) (1) - Teruel (1) - Zaragoza (*) (1) - Benicassim (1) - ,Girona (2) - Alicante / Alacant (2) - Elda-Petrer (2) - Villena (2) - XÃ tiva (2) - Barcelona (*) (2) - Valencia (*) (2) - Castellón /Castelló (2) - Tarragona (*) (2) - Benicassim (2) - Madrid (*) (1) - Segovia (*) (1) - Valladolid Campo Grande (1) - Alcázar de San Juan (1) - Figueres (1) - Portbou (1) - Oropesa/Orpesa (1) - Albacete (1) - Avila (1) - Murcia (1) - Figueres Vilafant (1) - Salamanca (*) (1) -  , 

Castellón /Castelló,41,41,Valencia (*) (19) - Tarragona (*) (16) - Barcelona (*) (16) - Benicassim (12) - Oropesa/Orpesa (10) - Alicante / Alacant (7) - XÃ tiva (4) - Villena (3) - Madrid (*) (3) - Elda-Petrer (3) - Cuenca (*) (2) - Girona (2) - Murcia (2) - Cartagena (2) - Albacete (2) - Alcázar de San Juan (2) - Linares-Baeza (2) - Sevilla (1) - Córdoba (1) - Granada (1) - Valdepeñas (1) - Oviedo (1) - Valladolid Campo Grande (1) - León (1) - Palencia (1) - Figueres (1) - Portbou (1) - Montpellier (1) - Figueres Vilafant (1) - Gijón (1) - ,Figueres Vilafant (6) - Girona (6) - Barcelona (*) (2) - Tarragona (*) (2) - XÃ tiva (2) - Ciudad Real (1) - Mérida (1) - Almería (1) - Málaga MarÃ­a Zambrano (1) - Antequera (*) (1) - Puente Genil (*) (1) - Puertollano (1) - Huelva (1) - Alcázar de San Juan (1) - Albacete (1) - Madrid (*) (1) - Cuenca (*) (1) - Requena / Utiel (1) - Lorca-Sutullena (1) - Murcia (1) - Alicante / Alacant (1) - Elda-Petrer (1) - Villena (1) - Badajoz (1) - Valencia (*) (1) -  , 

Figueres,35,17,Barcelona (*) (22) - Girona (22) - Portbou (12) - Montpellier (1) - Orleans-Les Aubrais (1) - Oporto-Porto Campanha (1) - París Austerlitz (1) - ,Cartagena (1) - Murcia (1) - Alicante / Alacant (1) - Elda-Petrer (1) - Villena (1) - XÃ tiva (1) - Valencia (*) (1) - Castellón /Castelló (1) - Benicassim (1) - Tarragona (*) (1) - Barcelona (*) (1) - Girona (1) -  , 

Gandía,2,3,Madrid (*) (2) - Cuenca (*) (2) - Valencia (*) (2) - , , 

Granada,14,24,Antequera (*) (9) - Sevilla (4) - Almería (4) - Algeciras (3) - Bobadilla (3) - Madrid (*) (2) - Córdoba (2) - Barcelona (*) (1) - Ciudad Real (1) - Linares-Baeza (1) - Puertollano (1) - Tarragona (*) (1) - Castellón /Castelló (1) - Valencia (*) (1) - Albacete (1) - Alcázar de San Juan (1) - ,Córdoba (3) - Ciudad Real (2) - Lleida (2) - Puente Genil (*) (2) - Barcelona (*) (2) - Tarragona (*) (2) - Zaragoza (*) (2) - Valladolid Campo Grande (1) - Madrid (*) (1) - Puertollano (1) - Toledo (1) - Segovia (*) (1) - Figueres Vilafant (1) - Girona (1) -  , 

Huelva,5,21,Sevilla (3) - Córdoba (2) - Madrid (*) (2) - ,Córdoba (8) - Ciudad Real (3) - Madrid (*) (3) - Barcelona (*) (2) - Tarragona (*) (2) - Puertollano (2) - Valencia (*) (2) - Jerez de la Frontera (1) - XÃ tiva (1) - Puerto Santa María (1) - Albacete (1) - Castellón /Castelló (1) - Lleida (1) - Alcázar de San Juan (1) - Zaragoza (*) (1) - Valdepeñas (1) - Linares-Baeza (1) - San Fernando (*) (1) - Cádiz (1) - Cuenca (*) (1) -  , 

Jaén,8,21,Linares-Baeza (4) - Valdepeñas (4) - Alcázar de San Juan (4) - Madrid (*) (4) - Córdoba (4) - Sevilla (3) - Jerez de la Frontera (3) - Puerto Santa María (3) - San Fernando (*) (3) - Cádiz (3) - ,Zaragoza (*) (2) - Tarragona (*) (2) - Barcelona (*) (2) - Figueres Vilafant (1) - Puente Genil (*) (1) - Antequera (*) (1) - Girona (1) - Málaga MarÃ­a Zambrano (1) - Ciudad Real (1) - Lleida (1) - Guadalajara (*) (1) -  , 

Lleida,53,58,Barcelona (*) (31) - Tarragona (*) (26) - Zaragoza (*) (22) - Madrid (*) (10) - Tudela de Navarra (7) - Figueres Vilafant (6) - Girona (6) - Pamplona/Iruña (6) - Calatayud (5) - Guadalajara (*) (5) - Burgos Rosa de Lima (4) - Reus (3) - León (3) - Miranda de Ebro (3) - Palencia (3) - Monzón-Río Cinca (3) - Ciudad Real (2) - Logroño (2) - Córdoba (2) - Puente Genil (*) (2) - Sahagún (2) - Antequera (*) (2) - Vitoria/Gasteiz (2) - Málaga MarÃ­a Zambrano (2) - San Sebastián/Donostia (2) - Irún (2) - Monforte de Lemos (2) - Ponferrada (2) - Ourense (2) - Vigo Guixar (2) - Lugo (1) - A Coruña (1) - Valladolid Campo Grande (1) - Oviedo (1) - Gijón (1) - Puertollano (1) - ,Barcelona (*) (7) - Tarragona (*) (6) - Zaragoza (*) (5) - Córdoba (4) - Sevilla (3) - Santiago de Compostela (2) - Figueres Vilafant (2) - Girona (2) - Logroño (2) - Miranda de Ebro (2) - Tudela de Navarra (2) - Bilbao-Abando (2) - Navalmoral de la Mata (2) - Antequera (*) (2) - A Coruña (2) - Jerez de la Frontera (2) - Ciudad Real (2) - Cáceres (2) - Mérida (2) - Cádiz (2) - San Fernando (*) (2) - Puerto Santa María (2) - Badajoz (1) - Jaén (1) - Puertollano (1) - Linares-Baeza (1) - Bobadilla (1) - Granada (1) - Valdepeñas (1) - Algeciras (1) - Alcázar de San Juan (1) - Málaga MarÃ­a Zambrano (1) - Medina del Campo (1) - Lugo (1) - Ferrol (1) - Salamanca (*) (1) -  , 

Logroño,12,37,Tudela de Navarra (7) - Zaragoza (*) (6) - Tarragona (*) (5) - Lleida (5) - Barcelona (*) (5) - Miranda de Ebro (3) - Burgos Rosa de Lima (2) - Bilbao-Abando (2) - Madrid (*) (2) - Ourense (1) - Guadalajara (*) (1) - Vigo Guixar (1) - A Coruña (1) - Calatayud (1) - Lugo (1) - Monforte de Lemos (1) - Ponferrada (1) - León (1) - Palencia (1) - Valladolid Campo Grande (1) - ,Madrid (*) (5) - Tudela de Navarra (4) - Zaragoza (*) (3) - Guadalajara (*) (2) - Córdoba (1) - Figueres Vilafant (1) - Girona (1) - Calatayud (1) - Burgos Rosa de Lima (1) - Valladolid Campo Grande (1) - Málaga MarÃ­a Zambrano (1) - Antequera (*) (1) - Miranda de Ebro (1) - Cartagena (1) - Murcia (1) - Alicante / Alacant (1) - Elda-Petrer (1) - Villena (1) - XÃ tiva (1) - Valencia (*) (1) - Teruel (1) - Medina del Campo (1) - Salamanca (*) (1) - Ferrol (1) - Santiago de Compostela (1) -  , 

Mérida,13,20,Badajoz (6) - Cáceres (5) - Madrid (*) (4) - Navalmoral de la Mata (4) - Puertollano (2) - Ciudad Real (1) - Alcázar de San Juan (1) - ,Barcelona (*) (3) - Tarragona (*) (3) - Guadalajara (*) (2) - Zaragoza (*) (2) - Figueres Vilafant (1) - Lleida (1) - Sevilla (1) - Calatayud (1) - Girona (1) - Castellón /Castelló (1) - Valencia (*) (1) - XÃ tiva (1) - Albacete (1) - Madrid (*) (1) - Ciudad Real (1) -  , 

Navalmoral de la Mata,9,12,Madrid (*) (5) - Cáceres (4) - Mérida (2) - Badajoz (1) - ,Guadalajara (*) (2) - Zaragoza (*) (2) - Barcelona (*) (2) - Tarragona (*) (2) - Lleida (1) - Girona (1) - Calatayud (1) - Figueres Vilafant (1) -  , 

Oropesa/Orpesa,15,20,Benicassim (9) - Castellón /Castelló (9) - Valencia (*) (9) - Barcelona (*) (6) - Tarragona (*) (6) - Madrid (*) (3) - Elda-Petrer (2) - Villena (2) - Cuenca (*) (2) - Alicante / Alacant (2) - XÃ tiva (2) - Murcia (1) - Palencia (1) - Girona (1) - Figueres Vilafant (1) - Valladolid Campo Grande (1) - León (1) - Oviedo (1) - Gijón (1) - ,Figueres Vilafant (2) - Girona (2) - Tarragona (*) (1) - Barcelona (*) (1) - Madrid (*) (1) - Cuenca (*) (1) - Requena / Utiel (1) -  , 

Oviedo,8,42,León (6) - Palencia (5) - Madrid (*) (4) - Valladolid Campo Grande (4) - Sahagún (3) - Vitoria/Gasteiz (1) - Sevilla (1) - Córdoba (1) - Puertollano (1) - Ciudad Real (1) - Barcelona (*) (1) - Tarragona (*) (1) - Lleida (1) - Zaragoza (*) (1) - Tudela de Navarra (1) - Pamplona/Iruña (1) - Jerez de la Frontera (1) - Miranda de Ebro (1) - Burgos Rosa de Lima (1) - Benicassim (1) - Oropesa/Orpesa (1) - Castellón /Castelló (1) - Valencia (*) (1) - Alicante / Alacant (1) - Villena AV (1) - Albacete (1) - Cuenca (*) (1) - Puerto Santa María (1) - Segovia (*) (1) - San Fernando (*) (1) - Cádiz (1) - Gijón (1) - Santander (1) - ,Medina del Campo (2) - Madrid (*) (2) - Lleida (1) - Salamanca (*) (1) - Segovia (*) (1) - Avila (1) - Gijón (1) - Barcelona (*) (1) - Alicante / Alacant (1) - Elda-Petrer (1) - Tarragona (*) (1) - Villena (1) - León (1) - Vigo Guixar (1) - Zaragoza (*) (1) - Tudela de Navarra (1) - Ourense (1) - Pamplona/Iruña (1) - Monforte de Lemos (1) - Vitoria/Gasteiz (1) - Miranda de Ebro (1) - Burgos Rosa de Lima (1) - Ponferrada (1) - Palencia (1) - Sahagún (1) -  , 

Santiago de Compostela,52,41,A Coruña (24) - Vigo Guixar (17) - Pontevedra (17) - Ourense (11) - Zamora (3) - Madrid (*) (3) - Medina del Campo (3) - León (1) - Burgos Rosa de Lima (1) - Palencia (1) - Vitoria/Gasteiz (1) - Miranda de Ebro (1) - Ponferrada (1) - Monforte de Lemos (1) - Avila (1) - San Sebastián/Donostia (1) - Irún (1) - Hendaya (1) - Segovia (*) (1) - Ferrol (1) - Sahagún (1) - ,Cuenca (*) (2) - Córdoba (2) - Pamplona/Iruña (2) - Tudela de Navarra (2) - Zaragoza (*) (2) - Monforte de Lemos (1) - Tarragona (*) (1) - Vitoria/Gasteiz (1) - Miranda de Ebro (1) - Burgos Rosa de Lima (1) - Palencia (1) - Sahagún (1) - León (1) - Ponferrada (1) - Lleida (1) - Cádiz (1) - San Fernando (*) (1) - Puerto Santa María (1) - Jerez de la Frontera (1) - Alicante / Alacant (1) - Málaga MarÃ­a Zambrano (1) - Villena AV (1) - Albacete (1) - Sevilla (1) - Barcelona (*) (1) - Valencia (*) (1) - Requena / Utiel (1) - Salamanca (*) (1) - Madrid (*) (1) -  , 

Barcelona (*),112,81,Tarragona (*) (59) - Girona (34) - Lleida (32) - Zaragoza (*) (29) - Madrid (*) (24) - Figueres (22) - Reus (15) - Portbou (12) - Figueres Vilafant (11) - Guadalajara (*) (8) - Castellón /Castelló (8) - Valencia (*) (8) - Calatayud (7) - Tudela de Navarra (7) - Pamplona/Iruña (6) - Burgos Rosa de Lima (4) - Palencia (3) - León (3) - Oropesa/Orpesa (3) - Benicassim (3) - Córdoba (3) - Miranda de Ebro (3) - Ciudad Real (3) - Antequera (*) (2) - Puente Genil (*) (2) - Puertollano (2) - Málaga MarÃ­a Zambrano (2) - Linares-Baeza (2) - Alcázar de San Juan (2) - Albacete (2) - Alicante / Alacant (2) - Vigo Guixar (2) - Sahagún (2) - XÃ tiva (2) - San Sebastián/Donostia (2) - Irún (2) - Ourense (2) - Monforte de Lemos (2) - Ponferrada (2) - Logroño (2) - Vitoria/Gasteiz (2) - Cartagena (1) - Villena (1) - Elda-Petrer (1) - Granada (1) - Valdepeñas (1) - Sevilla (1) - Mérida (1) - Badajoz (1) - Barcelona (*) (1) - Cuenca (*) (1) - A Coruña (1) - Valladolid Campo Grande (1) - Lugo (1) - Oviedo (1) - Gijón (1) - Montpellier (1) - Orleans-Les Aubrais (1) - Oporto-Porto Campanha (1) - París Austerlitz (1) - ,Tarragona (*) (17) - Girona (10) - Castellón /Castelló (10) - Valencia (*) (10) - Figueres Vilafant (9) - Córdoba (9) - Zaragoza (*) (7) - Lleida (7) - Sevilla (6) - Madrid (*) (6) - Alicante / Alacant (6) - Benicassim (6) - Málaga MarÃ­a Zambrano (5) - XÃ tiva (4) - Antequera (*) (4) - Villena (3) - Oropesa/Orpesa (3) - Elda-Petrer (3) - Ciudad Real (3) - Murcia (3) - Puertollano (2) - Tudela de Navarra (2) - Puente Genil (*) (2) - Logroño (2) - Miranda de Ebro (2) - Bilbao-Abando (2) - A Coruña (2) - Mérida (2) - Cádiz (2) - Navalmoral de la Mata (2) - Santiago de Compostela (2) - Alcázar de San Juan (2) - Cáceres (2) - Puerto Santa María (2) - Jerez de la Frontera (2) - San Fernando (*) (2) - Linares-Baeza (1) - Valdepeñas (1) - Jaén (1) - Lorca-Sutullena (1) - Cartagena (1) - Badajoz (1) - Requena / Utiel (1) - Cuenca (*) (1) - Albacete (1) - Almería (1) - Bobadilla (1) - Granada (1) - Algeciras (1) - Huelva (1) - Medina del Campo (1) - Salamanca (*) (1) - Segovia (*) (1) - Valladolid Campo Grande (1) - Figueres (1) - Reus (1) - Lugo (1) - Ferrol (1) - Huesca (1) -  , 

Ciudad Real,60,50,Puertollano (27) - Madrid (*) (24) - Córdoba (17) - Sevilla (10) - Antequera (*) (7) - Alcázar de San Juan (5) - Málaga MarÃ­a Zambrano (5) - Puente Genil (*) (5) - Puerto Santa María (3) - Jerez de la Frontera (3) - San Fernando (*) (3) - Cádiz (3) - Lleida (2) - Valladolid Campo Grande (2) - Barcelona (*) (2) - Tarragona (*) (2) - Palencia (2) - Zaragoza (*) (2) - Albacete (2) - Villena (2) - Elda-Petrer (2) - Alicante / Alacant (2) - Santander (1) - Cuenca (*) (1) - Valencia (*) (1) - Sahagún (1) - León (1) - Oviedo (1) - Algeciras (1) - Granada (1) - Mérida (1) - Badajoz (1) - Gijón (1) - ,Tarragona (*) (4) - Cádiz (4) - Barcelona (*) (4) - San Fernando (*) (4) - Jerez de la Frontera (4) - Puerto Santa María (4) - Zaragoza (*) (3) - Sevilla (2) - Huelva (2) - Córdoba (2) - Lleida (2) - Figueres Vilafant (2) - Girona (2) - Badajoz (1) - Pamplona/Iruña (1) - Tudela de Navarra (1) - Segovia (*) (1) - Valladolid Campo Grande (1) - Guadalajara (*) (1) - Mérida (1) - Burgos Rosa de Lima (1) - Miranda de Ebro (1) - Vitoria/Gasteiz (1) - Bilbao-Abando (1) - Algeciras (1) - Granada (1) - Antequera (*) (1) - Bobadilla (1) - San Sebastián/Donostia (1) - Irún (1) - Puertollano (1) - Hendaya (1) - Málaga MarÃ­a Zambrano (1) - Castellón /Castelló (1) - Valencia (*) (1) - XÃ tiva (1) - Albacete (1) -  , 

Córdoba,93,53,Sevilla (36) - Madrid (*) (34) - Antequera (*) (15) - Ciudad Real (14) - Puertollano (14) - Málaga MarÃ­a Zambrano (12) - Puente Genil (*) (11) - San Fernando (*) (8) - Puerto Santa María (8) - Jerez de la Frontera (8) - Cádiz (8) - Jaén (3) - Valencia (*) (2) - Tarragona (*) (2) - Palencia (2) - Valladolid Campo Grande (2) - Barcelona (*) (2) - Huelva (2) - Algeciras (2) - Gijón (1) - León (1) - Oviedo (1) - Sahagún (1) - Cuenca (*) (1) - Granada (1) - Lleida (1) - Santander (1) - Castellón /Castelló (1) - Zaragoza (*) (1) - XÃ tiva (1) - Albacete (1) - Alcázar de San Juan (1) - Valdepeñas (1) - Linares-Baeza (1) - ,San Fernando (*) (9) - Cádiz (9) - Jerez de la Frontera (9) - Puerto Santa María (9) - Huelva (8) - Barcelona (*) (7) - Zaragoza (*) (5) - Valladolid Campo Grande (5) - Segovia (*) (5) - Tarragona (*) (5) - Figueres Vilafant (4) - Antequera (*) (4) - Granada (4) - Girona (4) - Lleida (4) - Ciudad Real (3) - Cuenca (*) (2) - Burgos Rosa de Lima (2) - Miranda de Ebro (2) - Vitoria/Gasteiz (2) - Bilbao-Abando (2) - Bobadilla (2) - Algeciras (2) - Irún (2) - Hendaya (2) - Requena / Utiel (2) - Valencia (*) (2) - San Sebastián/Donostia (2) - Toledo (1) - Mérida (1) - Puertollano (1) - Guadalajara (*) (1) - Tudela de Navarra (1) - Pamplona/Iruña (1) - Calatayud (1) - Badajoz (1) - Sevilla (1) - Jaén (1) - Madrid (*) (1) -  , 

Cuenca (*),36,47,Madrid (*) (17) - Valencia (*) (12) - Albacete (7) - Alicante / Alacant (6) - Villena AV (6) - Requena / Utiel (4) - Gandía (2) - Castellón /Castelló (2) - Benicassim (2) - Oropesa/Orpesa (2) - Ciudad Real (1) - Barcelona (*) (1) - Figueres Vilafant (1) - Girona (1) - XÃ tiva (1) - Tarragona (*) (1) - Puertollano (1) - Córdoba (1) - Gijón (1) - Oviedo (1) - León (1) - Sahagún (1) - Palencia (1) - Valladolid Campo Grande (1) - Segovia (*) (1) - Sevilla (1) - ,Villena (2) - Elda-Petrer (2) - Alicante / Alacant (2) - Toledo (1) - Oropesa/Orpesa (1) - Benicassim (1) - Castellón /Castelló (1) - Barcelona (*) (1) - Málaga MarÃ­a Zambrano (1) - Tarragona (*) (1) - Ferrol (1) - Pontevedra (1) - Vigo Guixar (1) - A Coruña (1) - Santiago de Compostela (1) - Ourense (1) - Zamora (1) - Medina del Campo (1) - Segovia (*) (1) -  , 

Elda-Petrer,17,31,Villena (9) - Alicante / Alacant (7) - XÃ tiva (7) - Valencia (*) (7) - Benicassim (4) - Castellón /Castelló (4) - Tarragona (*) (4) - Barcelona (*) (4) - Murcia (3) - Cartagena (2) - Oropesa/Orpesa (2) - Albacete (2) - Alcázar de San Juan (2) - Ciudad Real (2) - Montpellier (1) - Portbou (1) - Teruel (1) - Figueres (1) - Girona (1) - Zaragoza (*) (1) - ,Madrid (*) (3) - Girona (2) - Murcia (2) - Figueres Vilafant (2) - Alicante / Alacant (2) - Sahagún (1) - Palencia (1) - León (1) - Segovia (*) (1) - Cuenca (*) (1) - Oviedo (1) - Cartagena (1) - Lorca-Sutullena (1) - Gijón (1) - Valladolid Campo Grande (1) -  , 

Entroncamento,2,12,Lisboa (*) (1) - Madrid (*) (1) - Avila (1) - Medina del Campo (1) - Salamanca (*) (1) - ,Lisboa (*) (1) - Hendaya (1) - Irún (1) - San Sebastián/Donostia (1) - Vitoria/Gasteiz (1) - Miranda de Ebro (1) - Burgos Rosa de Lima (1) - Valladolid Campo Grande (1) - Medina del Campo (1) - Salamanca (*) (1) -  , 

Ferrol,6,39,A Coruña (4) - Lugo (2) - Palencia (2) - Monforte de Lemos (2) - León (2) - Ponferrada (2) - Barcelona (*) (1) - Medina del Campo (1) - Valladolid Campo Grande (1) - Tarragona (*) (1) - Lleida (1) - Zaragoza (*) (1) - Tudela de Navarra (1) - Logroño (1) - Burgos Rosa de Lima (1) - Avila (1) - Madrid (*) (1) - ,Madrid (*) (4) - Ourense (3) - Córdoba (3) - Zamora (3) - Medina del Campo (3) - Segovia (*) (2) - Santiago de Compostela (2) - Valencia (*) (2) - Cuenca (*) (2) - Sevilla (2) - A Coruña (2) - Málaga MarÃ­a Zambrano (2) - Ciudad Real (1) - Bilbao-Abando (1) - Puertollano (1) - Requena / Utiel (1) - Miranda de Ebro (1) - Burgos Rosa de Lima (1) - Palencia (1) - Sahagún (1) - León (1) - Ponferrada (1) - Monforte de Lemos (1) - Lugo (1) - Albacete (1) - Villena AV (1) - Alicante / Alacant (1) - Jerez de la Frontera (1) - Puerto Santa María (1) - San Fernando (*) (1) - Cádiz (1) -  , 

Figueres Vilafant,11,57,Girona (10) - Barcelona (*) (10) - Tarragona (*) (7) - Madrid (*) (6) - Zaragoza (*) (6) - Lleida (4) - Calatayud (2) - Castellón /Castelló (2) - Guadalajara (*) (2) - Valencia (*) (2) - Albacete (1) - Alcázar de San Juan (1) - Linares-Baeza (1) - Granada (1) - ,Girona (10) - Barcelona (*) (10) - Tarragona (*) (10) - Zaragoza (*) (6) - Córdoba (6) - Castellón /Castelló (5) - Lleida (5) - Valencia (*) (5) - Sevilla (4) - Alicante / Alacant (4) - XÃ tiva (3) - Madrid (*) (3) - Antequera (*) (2) - Elda-Petrer (2) - Murcia (2) - Alcázar de San Juan (2) - Málaga MarÃ­a Zambrano (2) - Villena (2) - Puertollano (2) - Ciudad Real (2) - Benicassim (2) - Valdepeñas (2) - Guadalajara (*) (2) - Linares-Baeza (2) - Cartagena (1) - Jaén (1) - Cáceres (1) - Puerto Santa María (1) - Jerez de la Frontera (1) - San Fernando (*) (1) - Cádiz (1) - Navalmoral de la Mata (1) - Mérida (1) - Badajoz (1) - Albacete (1) - Tudela de Navarra (1) - Pamplona/Iruña (1) - Vitoria/Gasteiz (1) - Miranda de Ebro (1) - Puente Genil (*) (1) - Burgos Rosa de Lima (1) - Palencia (1) - Sahagún (1) - León (1) - Ponferrada (1) - Monforte de Lemos (1) - Ourense (1) - Vigo Guixar (1) - Huesca (1) - Calatayud (1) -  , 

Gijón,6,41,León (6) - Oviedo (5) - Palencia (5) - Valladolid Campo Grande (4) - Madrid (*) (4) - Sahagún (3) - Miranda de Ebro (1) - Ciudad Real (1) - Barcelona (*) (1) - Tarragona (*) (1) - Lleida (1) - Zaragoza (*) (1) - Tudela de Navarra (1) - Pamplona/Iruña (1) - Vitoria/Gasteiz (1) - Puertollano (1) - Burgos Rosa de Lima (1) - Benicassim (1) - Oropesa/Orpesa (1) - Castellón /Castelló (1) - Valencia (*) (1) - Alicante / Alacant (1) - Villena AV (1) - Albacete (1) - Cuenca (*) (1) - Córdoba (1) - Segovia (*) (1) - Sevilla (1) - Jerez de la Frontera (1) - Puerto Santa María (1) - San Fernando (*) (1) - Cádiz (1) - ,Medina del Campo (2) - Madrid (*) (2) - Lleida (1) - Salamanca (*) (1) - Segovia (*) (1) - Avila (1) - León (1) - Barcelona (*) (1) - Alicante / Alacant (1) - Elda-Petrer (1) - Tarragona (*) (1) - Villena (1) - Oviedo (1) - Vigo Guixar (1) - Zaragoza (*) (1) - Tudela de Navarra (1) - Ourense (1) - Pamplona/Iruña (1) - Monforte de Lemos (1) - Vitoria/Gasteiz (1) - Miranda de Ebro (1) - Burgos Rosa de Lima (1) - Ponferrada (1) - Palencia (1) - Sahagún (1) -  , 

Girona,68,57,Barcelona (*) (32) - Figueres (23) - Portbou (12) - Figueres Vilafant (11) - Tarragona (*) (8) - Zaragoza (*) (6) - Madrid (*) (6) - Lleida (4) - Castellón /Castelló (3) - Valencia (*) (3) - Calatayud (2) - Guadalajara (*) (2) - Alicante / Alacant (1) - Murcia (1) - Elda-Petrer (1) - Villena (1) - XÃ tiva (1) - Cartagena (1) - Albacete (1) - Benicassim (1) - Alcázar de San Juan (1) - Linares-Baeza (1) - Granada (1) - Montpellier (1) - Orleans-Les Aubrais (1) - Oporto-Porto Campanha (1) - París Austerlitz (1) - ,Barcelona (*) (12) - Tarragona (*) (10) - Figueres Vilafant (9) - Córdoba (6) - Zaragoza (*) (6) - Castellón /Castelló (5) - Lleida (5) - Valencia (*) (5) - Alicante / Alacant (4) - Sevilla (4) - Madrid (*) (3) - XÃ tiva (3) - Elda-Petrer (2) - Villena (2) - Murcia (2) - Alcázar de San Juan (2) - Benicassim (2) - Málaga MarÃ­a Zambrano (2) - Antequera (*) (2) - Puertollano (2) - Ciudad Real (2) - Valdepeñas (2) - Guadalajara (*) (2) - Linares-Baeza (2) - Jaén (1) - Cartagena (1) - Huesca (1) - Cáceres (1) - Puerto Santa María (1) - Jerez de la Frontera (1) - Cádiz (1) - Mérida (1) - Navalmoral de la Mata (1) - Badajoz (1) - Albacete (1) - Tudela de Navarra (1) - Pamplona/Iruña (1) - Vitoria/Gasteiz (1) - Miranda de Ebro (1) - Puente Genil (*) (1) - Burgos Rosa de Lima (1) - Palencia (1) - Sahagún (1) - León (1) - Ponferrada (1) - Monforte de Lemos (1) - Ourense (1) - Vigo Guixar (1) - Calatayud (1) - San Fernando (*) (1) -  , 

Guadalajara (*),28,31,Madrid (*) (16) - Zaragoza (*) (8) - Calatayud (8) - Tarragona (*) (6) - Barcelona (*) (6) - Lleida (4) - Figueres Vilafant (3) - Girona (3) - Reus (2) - Tudela de Navarra (2) - Pamplona/Iruña (2) - Logroño (1) - Monzón-Río Cinca (1) - Huesca (1) - Soria (1) - ,Valladolid Campo Grande (1) - Segovia (*) (1) - Soria (1) - Mérida (1) - Cáceres (1) - Navalmoral de la Mata (1) - Huesca (1) - Málaga MarÃ­a Zambrano (1) - Antequera (*) (1) - Córdoba (1) - Cartagena (1) - Murcia (1) - Alicante / Alacant (1) - Elda-Petrer (1) - Villena (1) - XÃ tiva (1) - Valencia (*) (1) - Teruel (1) -  , 

Huesca,7,9,Zaragoza (*) (6) - Madrid (*) (2) - Calatayud (1) - Guadalajara (*) (1) - ,Lleida (2) - Tarragona (*) (2) - Barcelona (*) (2) - Girona (1) - Figueres Vilafant (1) - Zaragoza (*) (1) - Madrid (*) (1) -  , 

Irún,11,40,San Sebastián/Donostia (10) - Vitoria/Gasteiz (8) - Miranda de Ebro (7) - Burgos Rosa de Lima (6) - Valladolid Campo Grande (5) - Madrid (*) (4) - Palencia (3) - Medina del Campo (3) - Tudela de Navarra (2) - Barcelona (*) (2) - Tarragona (*) (2) - Lleida (2) - Zaragoza (*) (2) - Avila (2) - Pamplona/Iruña (2) - Segovia (*) (2) - Ourense (1) - Santiago de Compostela (1) - Vigo Guixar (1) - Monforte de Lemos (1) - Ponferrada (1) - León (1) - Sahagún (1) - Salamanca (*) (1) - Entroncamento (1) - Lisboa (*) (1) - A Coruña (1) - Hendaya (1) - ,Medina del Campo (4) - Salamanca (*) (4) - Guadalajara (*) (2) - Madrid (*) (2) - Valencia (*) (1) - Villena (1) - XÃ tiva (1) - Elda-Petrer (1) - Teruel (1) - Alicante / Alacant (1) - Murcia (1) - Ferrol (1) - Lugo (1) - Cartagena (1) - Sevilla (1) - Valladolid Campo Grande (1) -  , 

Jerez de la Frontera,31,30,Puerto Santa María (16) - San Fernando (*) (16) - Cádiz (16) - Sevilla (14) - Córdoba (8) - Jaén (3) - Madrid (*) (3) - Ciudad Real (1) - Puertollano (1) - Valladolid Campo Grande (1) - Palencia (1) - Sahagún (1) - León (1) - Oviedo (1) - Gijón (1) - ,Córdoba (10) - Madrid (*) (10) - Ciudad Real (3) - Zaragoza (*) (2) - Puertollano (2) - Valladolid Campo Grande (2) - Tarragona (*) (2) - Barcelona (*) (2) - Badajoz (1) - Figueres Vilafant (1) - Girona (1) - Santander (1) - Palencia (1) - Mérida (1) - Lleida (1) - Bobadilla (1) - Guadalajara (*) (1) - Málaga MarÃ­a Zambrano (1) - Cuenca (*) (1) - Valencia (*) (1) - Segovia (*) (1) - Sevilla (1) -  , 

León,29,52,Palencia (16) - Valladolid Campo Grande (12) - Madrid (*) (10) - Sahagún (10) - Ponferrada (7) - Gijón (6) - Oviedo (6) - Monforte de Lemos (6) - Ourense (5) - Vigo Guixar (5) - Burgos Rosa de Lima (4) - Miranda de Ebro (3) - Tudela de Navarra (3) - Medina del Campo (3) - Zaragoza (*) (3) - Vitoria/Gasteiz (3) - Barcelona (*) (3) - Tarragona (*) (3) - Lleida (3) - Avila (3) - Lugo (2) - A Coruña (2) - Pamplona/Iruña (2) - Benicassim (1) - Logroño (1) - Oropesa/Orpesa (1) - Puerto Santa María (1) - Castellón /Castelló (1) - Valencia (*) (1) - Bilbao-Abando (1) - San Sebastián/Donostia (1) - Alicante / Alacant (1) - Villena AV (1) - Albacete (1) - Cuenca (*) (1) - San Fernando (*) (1) - Segovia (*) (1) - Cádiz (1) - Ferrol (1) - Irún (1) - Hendaya (1) - Ciudad Real (1) - Santiago de Compostela (1) - Puertollano (1) - Córdoba (1) - Sevilla (1) - Jerez de la Frontera (1) - ,Madrid (*) (3) - Medina del Campo (3) - Ponferrada (3) - Ferrol (2) - A Coruña (2) - Santiago de Compostela (2) - Avila (2) - Lugo (2) - Palencia (2) - Valladolid Campo Grande (2) - Sahagún (1) - Figueres Vilafant (1) - Girona (1) - Pamplona/Iruña (1) - Salamanca (*) (1) - Segovia (*) (1) - Tudela de Navarra (1) - Zaragoza (*) (1) - Alicante / Alacant (1) - Elda-Petrer (1) - Villena (1) - Oviedo (1) - Gijón (1) - Monforte de Lemos (1) - Ourense (1) - Vigo Guixar (1) -  , 

Linares-Baeza,15,22,Alcázar de San Juan (8) - Valdepeñas (6) - Madrid (*) (6) - Jaén (4) - Barcelona (*) (2) - Albacete (2) - Valencia (*) (2) - Castellón /Castelló (2) - Tarragona (*) (2) - Almería (1) - Granada (1) - Córdoba (1) - Sevilla (1) - XÃ tiva (1) - ,Girona (3) - Figueres Vilafant (3) - Almería (2) - Tarragona (*) (1) - Barcelona (*) (1) - Puente Genil (*) (1) - Zaragoza (*) (1) - Guadalajara (*) (1) - Antequera (*) (1) - Madrid (*) (1) - Málaga MarÃ­a Zambrano (1) - Huelva (1) -  , 

Lisboa (*),1,12,Entroncamento (1) - Madrid (*) (1) - Avila (1) - Medina del Campo (1) - Salamanca (*) (1) - ,Entroncamento (1) - Hendaya (1) - Irún (1) - San Sebastián/Donostia (1) - Vitoria/Gasteiz (1) - Miranda de Ebro (1) - Burgos Rosa de Lima (1) - Valladolid Campo Grande (1) - Medina del Campo (1) - Salamanca (*) (1) -  , 

Lorca-Sutullena,1,14,Montpellier (1) - Portbou (1) - Figueres (1) - Girona (1) - Barcelona (*) (1) - Tarragona (*) (1) - Benicassim (1) - Castellón /Castelló (1) - Valencia (*) (1) - XÃ tiva (1) - Villena (1) - Elda-Petrer (1) - Alicante / Alacant (1) - Murcia (1) - , , 

Lugo,10,33,Monforte de Lemos (5) - A Coruña (4) - León (2) - Ponferrada (2) - Medina del Campo (2) - Madrid (*) (2) - Palencia (2) - Logroño (1) - Tudela de Navarra (1) - Zaragoza (*) (1) - Burgos Rosa de Lima (1) - Lleida (1) - Tarragona (*) (1) - Avila (1) - Barcelona (*) (1) - Valladolid Campo Grande (1) - Ourense (1) - Zamora (1) - Segovia (*) (1) - Ferrol (1) - ,Ferrol (2) - Ponferrada (2) - León (2) - Sahagún (2) - Palencia (2) - Burgos Rosa de Lima (2) - Miranda de Ebro (2) - Zaragoza (*) (1) - Monforte de Lemos (1) - Barcelona (*) (1) - Tarragona (*) (1) - Lleida (1) - Ourense (1) - Tudela de Navarra (1) - Pamplona/Iruña (1) - Vitoria/Gasteiz (1) - Ciudad Real (1) - Puertollano (1) - Valencia (*) (1) - Bilbao-Abando (1) - Córdoba (1) - Málaga MarÃ­a Zambrano (1) - Figueres Vilafant (1) - Girona (1) - Sevilla (1) - A Coruña (1) -  , 

Málaga MarÃ­a Zambrano,25,37,Córdoba (18) - Antequera (*) (14) - Puente Genil (*) (12) - Sevilla (11) - Madrid (*) (11) - Bobadilla (6) - Ciudad Real (5) - Puertollano (4) - Lleida (2) - Barcelona (*) (2) - Zaragoza (*) (2) - Tarragona (*) (2) - ,Valencia (*) (4) - Tarragona (*) (3) - Barcelona (*) (3) - Cuenca (*) (3) - Puertollano (2) - Ciudad Real (2) - Huelva (2) - Segovia (*) (2) - Valladolid Campo Grande (2) - Zaragoza (*) (2) - Jaén (1) - Calatayud (1) - Requena / Utiel (1) - Burgos Rosa de Lima (1) - Miranda de Ebro (1) - Lleida (1) - Pamplona/Iruña (1) - Tudela de Navarra (1) - Girona (1) - Figueres Vilafant (1) - Vitoria/Gasteiz (1) - Bilbao-Abando (1) - San Sebastián/Donostia (1) - Irún (1) - Castellón /Castelló (1) - Hendaya (1) - XÃ tiva (1) - Albacete (1) - Alcázar de San Juan (1) - Valdepeñas (1) - Linares-Baeza (1) -  , 

Medina del Campo,42,51,Valladolid Campo Grande (18) - Madrid (*) (12) - Avila (11) - Palencia (8) - Salamanca (*) (6) - Burgos Rosa de Lima (4) - Vitoria/Gasteiz (4) - Zamora (4) - Miranda de Ebro (4) - Irún (3) - San Sebastián/Donostia (3) - Ourense (3) - Santiago de Compostela (3) - Segovia (*) (3) - León (3) - Vigo Guixar (3) - Pontevedra (3) - A Coruña (3) - Ferrol (2) - Sahagún (2) - Monforte de Lemos (1) - Ponferrada (1) - Lisboa (*) (1) - Entroncamento (1) - Hendaya (1) - Lugo (1) - ,Burgos Rosa de Lima (5) - Palencia (5) - Miranda de Ebro (5) - Hendaya (4) - Vitoria/Gasteiz (4) - San Sebastián/Donostia (4) - Irún (4) - Madrid (*) (3) - Córdoba (3) - Bilbao-Abando (3) - Santander (3) - Valencia (*) (2) - Gijón (2) - Zamora (2) - Vigo Guixar (2) - León (2) - Cuenca (*) (2) - Oviedo (2) - Sevilla (2) - Málaga MarÃ­a Zambrano (2) - A Coruña (2) - Sahagún (2) - Lisboa (*) (1) - Tudela de Navarra (1) - Logroño (1) - Avila (1) - Ferrol (1) - Cádiz (1) - Zaragoza (*) (1) - San Fernando (*) (1) - Puerto Santa María (1) - Jerez de la Frontera (1) - Alicante / Alacant (1) - Santiago de Compostela (1) - Lleida (1) - Villena AV (1) - Lugo (1) - Albacete (1) - Tarragona (*) (1) - Monforte de Lemos (1) - Barcelona (*) (1) - Segovia (*) (1) - Ourense (1) - Requena / Utiel (1) - Ciudad Real (1) - Puertollano (1) - Salamanca (*) (1) - Entroncamento (1) - Pontevedra (1) -  , 

Miranda de Ebro,33,45,Vitoria/Gasteiz (14) - Burgos Rosa de Lima (11) - Valladolid Campo Grande (8) - San Sebastián/Donostia (7) - Irún (7) - Zaragoza (*) (6) - Tudela de Navarra (6) - Lleida (5) - Madrid (*) (5) - Palencia (5) - Tarragona (*) (5) - Bilbao-Abando (5) - Barcelona (*) (5) - Hendaya (4) - Pamplona/Iruña (4) - Medina del Campo (4) - Avila (3) - Logroño (3) - Sahagún (2) - León (2) - Oviedo (1) - Segovia (*) (1) - Vigo Guixar (1) - Ourense (1) - Monforte de Lemos (1) - Ponferrada (1) - Lisboa (*) (1) - Entroncamento (1) - Salamanca (*) (1) - Gijón (1) - ,Salamanca (*) (6) - Medina del Campo (6) - Madrid (*) (5) - Valladolid Campo Grande (3) - A Coruña (3) - Burgos Rosa de Lima (3) - Lugo (2) - Santiago de Compostela (2) - Segovia (*) (2) - Zaragoza (*) (2) - Guadalajara (*) (2) - Tudela de Navarra (2) - Vigo Guixar (1) - XÃ tiva (1) - Valencia (*) (1) - Teruel (1) - Elda-Petrer (1) - Alicante / Alacant (1) - Ferrol (1) - Villena (1) - Ourense (1) - Monforte de Lemos (1) - Ponferrada (1) - Murcia (1) - Bilbao-Abando (1) - León (1) - Santander (1) - Sahagún (1) - Palencia (1) - Cartagena (1) - Sevilla (1) - Logroño (1) - Pamplona/Iruña (1) -  , 

Monforte de Lemos,17,38,León (6) - Ponferrada (6) - Ourense (6) - Vigo Guixar (5) - Palencia (5) - Lugo (5) - A Coruña (4) - Madrid (*) (3) - Burgos Rosa de Lima (3) - Sahagún (3) - Barcelona (*) (2) - Lleida (2) - Zaragoza (*) (2) - Tudela de Navarra (2) - Tarragona (*) (2) - Miranda de Ebro (2) - Vitoria/Gasteiz (2) - Medina del Campo (2) - Ferrol (2) - Valladolid Campo Grande (2) - Logroño (1) - Avila (1) - Pamplona/Iruña (1) - Bilbao-Abando (1) - Santiago de Compostela (1) - San Sebastián/Donostia (1) - Irún (1) - Hendaya (1) - Zamora (1) - Segovia (*) (1) - ,Ourense (3) - A Coruña (3) - Vigo Guixar (2) - Santiago de Compostela (2) - Valencia (*) (1) - Puertollano (1) - Ciudad Real (1) - Córdoba (1) - Zaragoza (*) (1) - Tudela de Navarra (1) - Pamplona/Iruña (1) - Figueres Vilafant (1) - Málaga MarÃ­a Zambrano (1) - Madrid (*) (1) - Avila (1) - Medina del Campo (1) - Valladolid Campo Grande (1) - Palencia (1) - Sahagún (1) - León (1) - Ponferrada (1) - Ferrol (1) - Lugo (1) - Sevilla (1) - Girona (1) -  , 

Montpellier,1,14,Cartagena (1) - Murcia (1) - Alicante / Alacant (1) - Elda-Petrer (1) - Villena (1) - XÃ tiva (1) - Valencia (*) (1) - Castellón /Castelló (1) - Benicassim (1) - Tarragona (*) (1) - Barcelona (*) (1) - Girona (1) - Figueres (1) - Portbou (1) - , , 

Monzón-Río Cinca,6,5,Lleida (3) - Zaragoza (*) (3) - Madrid (*) (1) - Calatayud (1) - Guadalajara (*) (1) - , , 

Murcia,21,26,Cartagena (11) - XÃ tiva (5) - Valencia (*) (5) - Elda-Petrer (5) - Alicante / Alacant (5) - Villena (5) - Albacete (4) - Madrid (*) (4) - Castellón /Castelló (3) - Barcelona (*) (3) - Tarragona (*) (3) - Benicassim (3) - Alcázar de San Juan (2) - Figueres (1) - Girona (1) - Portbou (1) - Montpellier (1) - Teruel (1) - Zaragoza (*) (1) - Oropesa/Orpesa (1) - Lorca-Sutullena (1) - ,Girona (2) - Figueres Vilafant (2) - Segovia (*) (1) - Valladolid Campo Grande (1) - Avila (1) - Madrid (*) (1) - Alcázar de San Juan (1) - Albacete (1) - Salamanca (*) (1) - Cartagena (1) -  , 

Oporto-Porto Campanha,2,1,Vigo Guixar (2) - , , 

Orleans-Les Aubrais,2,7,Madrid (*) (1) - Valladolid Campo Grande (1) - Burgos Rosa de Lima (1) - Vitoria/Gasteiz (1) - Barcelona (*) (1) - Girona (1) - Figueres (1) - , , 

Ourense,28,49,Santiago de Compostela (11) - Vigo Guixar (7) - A Coruña (7) - Monforte de Lemos (6) - León (5) - Ponferrada (5) - Madrid (*) (5) - Zamora (4) - Medina del Campo (4) - Palencia (4) - Burgos Rosa de Lima (3) - Pontevedra (3) - Segovia (*) (3) - Sahagún (3) - Miranda de Ebro (2) - Tarragona (*) (2) - Ferrol (2) - Zaragoza (*) (2) - Barcelona (*) (2) - Tudela de Navarra (2) - Vitoria/Gasteiz (2) - Lleida (2) - Logroño (1) - Valladolid Campo Grande (1) - Bilbao-Abando (1) - San Sebastián/Donostia (1) - Lugo (1) - Irún (1) - Avila (1) - Hendaya (1) - Pamplona/Iruña (1) - ,Vigo Guixar (6) - A Coruña (5) - Córdoba (3) - Pontevedra (3) - Madrid (*) (2) - Cuenca (*) (2) - Valencia (*) (2) - Monforte de Lemos (2) - Sevilla (2) - Málaga MarÃ­a Zambrano (2) - San Fernando (*) (1) - Palencia (1) - Sahagún (1) - León (1) - Ponferrada (1) - Cádiz (1) - Valladolid Campo Grande (1) - Puerto Santa María (1) - Jerez de la Frontera (1) - Alicante / Alacant (1) - Medina del Campo (1) - Villena AV (1) - Albacete (1) - Avila (1) - Girona (1) - Figueres Vilafant (1) - Requena / Utiel (1) - Pamplona/Iruña (1) - Tudela de Navarra (1) - Zaragoza (*) (1) - Lugo (1) - Ciudad Real (1) - Puertollano (1) - Salamanca (*) (1) -  , 

Palencia,49,53,Valladolid Campo Grande (22) - Madrid (*) (17) - León (15) - Sahagún (10) - Medina del Campo (8) - Avila (7) - Burgos Rosa de Lima (7) - Vitoria/Gasteiz (6) - Oviedo (6) - Miranda de Ebro (6) - Gijón (6) - Santander (5) - Monforte de Lemos (5) - Ponferrada (5) - Vigo Guixar (4) - Ourense (4) - San Sebastián/Donostia (3) - Irún (3) - Barcelona (*) (3) - Tarragona (*) (3) - Lleida (3) - Zaragoza (*) (3) - Tudela de Navarra (3) - Jerez de la Frontera (2) - Puerto Santa María (2) - Sevilla (2) - San Fernando (*) (2) - Córdoba (2) - Pamplona/Iruña (2) - Puertollano (2) - Ciudad Real (2) - Cádiz (2) - A Coruña (2) - Alicante / Alacant (2) - Villena AV (2) - Albacete (2) - Lugo (2) - Segovia (*) (2) - Cuenca (*) (1) - Hendaya (1) - Bilbao-Abando (1) - Ferrol (1) - Santiago de Compostela (1) - Valencia (*) (1) - Castellón /Castelló (1) - Oropesa/Orpesa (1) - Logroño (1) - Salamanca (*) (1) - Benicassim (1) - ,Medina del Campo (5) - Madrid (*) (3) - Salamanca (*) (3) - León (3) - Valladolid Campo Grande (3) - Ponferrada (3) - Oviedo (2) - Santiago de Compostela (2) - Ferrol (2) - Avila (2) - A Coruña (2) - Lugo (2) - Girona (1) - Figueres Vilafant (1) - Pamplona/Iruña (1) - Tudela de Navarra (1) - Segovia (*) (1) - Zaragoza (*) (1) - Gijón (1) - Sahagún (1) - Alicante / Alacant (1) - Elda-Petrer (1) - Villena (1) - Monforte de Lemos (1) - Ourense (1) - Vigo Guixar (1) - Santander (1) -  , 

Pamplona/Iruña,20,33,Tudela de Navarra (11) - Zaragoza (*) (9) - Lleida (6) - Tarragona (*) (6) - Barcelona (*) (6) - Vitoria/Gasteiz (5) - Miranda de Ebro (4) - Madrid (*) (4) - Burgos Rosa de Lima (3) - Irún (2) - Guadalajara (*) (2) - San Sebastián/Donostia (2) - Calatayud (2) - Palencia (2) - Sahagún (2) - León (2) - Ourense (1) - Monforte de Lemos (1) - Ponferrada (1) - Vigo Guixar (1) - Gijón (1) - Oviedo (1) - ,A Coruña (3) - Tudela de Navarra (2) - Zaragoza (*) (2) - Santiago de Compostela (2) - Madrid (*) (2) - Guadalajara (*) (2) - Vitoria/Gasteiz (1) - Villena (1) - XÃ tiva (1) - Valencia (*) (1) - Teruel (1) - Elda-Petrer (1) - Alicante / Alacant (1) - Ourense (1) - Monforte de Lemos (1) - Ponferrada (1) - León (1) - Sahagún (1) - Palencia (1) - Burgos Rosa de Lima (1) - Miranda de Ebro (1) - Murcia (1) - Cartagena (1) - Lugo (1) -  , 

París Austerlitz,2,7,Madrid (*) (1) - Valladolid Campo Grande (1) - Burgos Rosa de Lima (1) - Vitoria/Gasteiz (1) - Barcelona (*) (1) - Girona (1) - Figueres (1) - , , 

Ponferrada,13,32,León (7) - Monforte de Lemos (6) - Palencia (6) - Ourense (5) - Vigo Guixar (5) - Valladolid Campo Grande (3) - Burgos Rosa de Lima (3) - Sahagún (3) - Madrid (*) (3) - Tarragona (*) (2) - Lleida (2) - Zaragoza (*) (2) - Tudela de Navarra (2) - Miranda de Ebro (2) - Vitoria/Gasteiz (2) - Lugo (2) - A Coruña (2) - Barcelona (*) (2) - Logroño (1) - Avila (1) - Medina del Campo (1) - Pamplona/Iruña (1) - Bilbao-Abando (1) - San Sebastián/Donostia (1) - Santiago de Compostela (1) - Irún (1) - Hendaya (1) - Ferrol (1) - ,León (3) - A Coruña (2) - Monforte de Lemos (2) - Santiago de Compostela (2) - Ourense (2) - Ferrol (2) - Vigo Guixar (2) - Palencia (2) - Valladolid Campo Grande (2) - Lugo (2) - Girona (1) - Avila (1) - Medina del Campo (1) - Figueres Vilafant (1) - Pamplona/Iruña (1) - Sahagún (1) - Tudela de Navarra (1) - Zaragoza (*) (1) - Oviedo (1) - Gijón (1) - Madrid (*) (1) -  , 

Pontevedra,40,23,Vigo Guixar (22) - Santiago de Compostela (17) - A Coruña (16) - Zamora (3) - Medina del Campo (3) - Ourense (3) - Madrid (*) (3) - Segovia (*) (2) - Avila (1) - ,Ourense (7) - Madrid (*) (2) - Cuenca (*) (2) - Córdoba (2) - Sevilla (1) - Alicante / Alacant (1) - Málaga MarÃ­a Zambrano (1) - Villena AV (1) - Albacete (1) - Jerez de la Frontera (1) - Puerto Santa María (1) - Valencia (*) (1) - Requena / Utiel (1) - San Fernando (*) (1) - Cádiz (1) - Segovia (*) (1) - Medina del Campo (1) - Zamora (1) - Salamanca (*) (1) -  , 

Portbou,13,14,Figueres (12) - Girona (12) - Barcelona (*) (12) - XÃ tiva (1) - Elda-Petrer (1) - Villena (1) - Alicante / Alacant (1) - Valencia (*) (1) - Castellón /Castelló (1) - Benicassim (1) - Tarragona (*) (1) - Murcia (1) - Cartagena (1) - Montpellier (1) - , , 

Porto Campanha-Oporto,2,1,Vigo Guixar (2) - , , 

Puente Genil (*),23,26,Córdoba (12) - Antequera (*) (11) - Málaga MarÃ­a Zambrano (11) - Sevilla (6) - Madrid (*) (4) - Ciudad Real (4) - Puertollano (3) - Lleida (2) - Zaragoza (*) (2) - Tarragona (*) (2) - Barcelona (*) (2) - ,Valencia (*) (2) - Huelva (2) - Antequera (*) (1) - Ciudad Real (1) - Puertollano (1) - Pamplona/Iruña (1) - Tudela de Navarra (1) - Algeciras (1) - Granada (1) - Cuenca (*) (1) - Bobadilla (1) - Barcelona (*) (1) - Tarragona (*) (1) - Castellón /Castelló (1) - Jaén (1) - XÃ tiva (1) - Albacete (1) - Alcázar de San Juan (1) - Valdepeñas (1) - Linares-Baeza (1) -  , 

Puerto Santa María,31,30,Jerez de la Frontera (16) - San Fernando (*) (15) - Cádiz (15) - Sevilla (15) - Córdoba (9) - Madrid (*) (4) - Jaén (3) - Palencia (2) - Ciudad Real (2) - Valladolid Campo Grande (2) - Puertollano (2) - Santander (1) - Sahagún (1) - León (1) - Oviedo (1) - Gijón (1) - ,Madrid (*) (9) - Córdoba (9) - Tarragona (*) (2) - Barcelona (*) (2) - Zaragoza (*) (2) - Ciudad Real (2) - Valladolid Campo Grande (1) - Málaga MarÃ­a Zambrano (1) - Bobadilla (1) - Lleida (1) - San Fernando (*) (1) - Cádiz (1) - Puertollano (1) - Figueres Vilafant (1) - Girona (1) - Cuenca (*) (1) - Badajoz (1) - Valencia (*) (1) - Mérida (1) - Segovia (*) (1) - Guadalajara (*) (1) -  , 

Puertollano,44,47,Ciudad Real (26) - Madrid (*) (23) - Córdoba (16) - Sevilla (10) - Antequera (*) (6) - Málaga MarÃ­a Zambrano (4) - Puente Genil (*) (4) - Puerto Santa María (3) - San Fernando (*) (3) - Jerez de la Frontera (3) - Cádiz (3) - Mérida (2) - Palencia (2) - Valladolid Campo Grande (2) - Badajoz (2) - Barcelona (*) (1) - Tarragona (*) (1) - Lleida (1) - Zaragoza (*) (1) - Oviedo (1) - Santander (1) - Granada (1) - Algeciras (1) - Cuenca (*) (1) - Valencia (*) (1) - Sahagún (1) - León (1) - Alcázar de San Juan (1) - Gijón (1) - ,Tarragona (*) (3) - Barcelona (*) (3) - Cádiz (3) - Jerez de la Frontera (3) - Puerto Santa María (3) - San Fernando (*) (3) - Huelva (2) - Zaragoza (*) (2) - Guadalajara (*) (1) - Bilbao-Abando (1) - Vitoria/Gasteiz (1) - Miranda de Ebro (1) - Burgos Rosa de Lima (1) - Valladolid Campo Grande (1) - Segovia (*) (1) - Figueres Vilafant (1) - Girona (1) - San Sebastián/Donostia (1) - Pamplona/Iruña (1) - Tudela de Navarra (1) - Lleida (1) - Irún (1) - Ciudad Real (1) - Algeciras (1) - Granada (1) - Antequera (*) (1) - Bobadilla (1) - Sevilla (1) - Córdoba (1) - Hendaya (1) - Málaga MarÃ­a Zambrano (1) - Castellón /Castelló (1) - Valencia (*) (1) - XÃ tiva (1) - Albacete (1) -  , 

Reus,23,7,Tarragona (*) (17) - Barcelona (*) (15) - Lleida (3) - Zaragoza (*) (3) - Guadalajara (*) (2) - Madrid (*) (2) - Calatayud (2) - , , 

Requena / Utiel,8,8,Madrid (*) (4) - Cuenca (*) (4) - Valencia (*) (4) - ,Barcelona (*) (1) - Tarragona (*) (1) - Oropesa/Orpesa (1) - Benicassim (1) - Castellón /Castelló (1) -  , 

Sahagún,20,44,León (10) - Palencia (10) - Valladolid Campo Grande (7) - Madrid (*) (5) - Gijón (4) - Oviedo (4) - Ourense (3) - Monforte de Lemos (3) - Ponferrada (3) - Vigo Guixar (3) - Burgos Rosa de Lima (3) - Miranda de Ebro (3) - Vitoria/Gasteiz (3) - Pamplona/Iruña (2) - Barcelona (*) (2) - Tarragona (*) (2) - Lleida (2) - Zaragoza (*) (2) - Tudela de Navarra (2) - Medina del Campo (2) - Avila (2) - Villena AV (1) - Bilbao-Abando (1) - San Sebastián/Donostia (1) - Puerto Santa María (1) - Alicante / Alacant (1) - Irún (1) - Albacete (1) - Cuenca (*) (1) - San Fernando (*) (1) - Segovia (*) (1) - Cádiz (1) - Hendaya (1) - A Coruña (1) - Santiago de Compostela (1) - Ciudad Real (1) - Puertollano (1) - Córdoba (1) - Sevilla (1) - Jerez de la Frontera (1) - ,Lugo (2) - A Coruña (2) - Avila (1) - Ponferrada (1) - León (1) - Zaragoza (*) (1) - Tudela de Navarra (1) - Pamplona/Iruña (1) - Madrid (*) (1) - Monforte de Lemos (1) - Medina del Campo (1) - Valladolid Campo Grande (1) - Palencia (1) - Alicante / Alacant (1) - Elda-Petrer (1) - Villena (1) - Ferrol (1) - Ourense (1) - Santiago de Compostela (1) - Vigo Guixar (1) -  , 

Salamanca (*),21,37,Avila (7) - Valladolid Campo Grande (6) - Salamanca (*) (6) - Madrid (*) (6) - Medina del Campo (6) - San Sebastián/Donostia (1) - Vitoria/Gasteiz (1) - Miranda de Ebro (1) - Irún (1) - Hendaya (1) - Entroncamento (1) - Murcia (1) - Albacete (1) - Alcázar de San Juan (1) - Cartagena (1) - Palencia (1) - Lisboa (*) (1) - Burgos Rosa de Lima (1) - ,Miranda de Ebro (4) - Burgos Rosa de Lima (4) - Vitoria/Gasteiz (3) - Bilbao-Abando (3) - Hendaya (3) - San Sebastián/Donostia (3) - Irún (3) - Palencia (2) - Avila (2) - Madrid (*) (2) - Vigo Guixar (1) - Logroño (1) - Ferrol (1) - Pontevedra (1) - A Coruña (1) - Medina del Campo (1) - Tudela de Navarra (1) - Zaragoza (*) (1) - Santiago de Compostela (1) - Gijón (1) - Lleida (1) - Tarragona (*) (1) - Ourense (1) - Oviedo (1) - Barcelona (*) (1) - Santander (1) - León (1) - Entroncamento (1) - Zamora (1) - Sahagún (1) - Lisboa (*) (1) -  , 

San Fernando (*),32,30,Puerto Santa María (16) - Cádiz (16) - Jerez de la Frontera (16) - Sevilla (15) - Córdoba (9) - Madrid (*) (4) - Jaén (3) - Palencia (2) - Valladolid Campo Grande (2) - Ciudad Real (2) - Puertollano (2) - Santander (1) - Sahagún (1) - León (1) - Oviedo (1) - Gijón (1) - ,Madrid (*) (9) - Córdoba (9) - Tarragona (*) (2) - Barcelona (*) (2) - Zaragoza (*) (2) - Ciudad Real (2) - Valladolid Campo Grande (1) - Lleida (1) - Málaga MarÃ­a Zambrano (1) - Bobadilla (1) - Puertollano (1) - Figueres Vilafant (1) - Girona (1) - Cuenca (*) (1) - Badajoz (1) - Valencia (*) (1) - Mérida (1) - Segovia (*) (1) - Guadalajara (*) (1) -  , 

San Sebastián/Donostia,18,40,Vitoria/Gasteiz (8) - Irún (8) - Miranda de Ebro (7) - Burgos Rosa de Lima (6) - Valladolid Campo Grande (5) - Hendaya (4) - Madrid (*) (4) - Palencia (3) - Medina del Campo (3) - Barcelona (*) (2) - Segovia (*) (2) - Tarragona (*) (2) - Lleida (2) - Avila (2) - Tudela de Navarra (2) - Pamplona/Iruña (2) - Zaragoza (*) (2) - Vigo Guixar (1) - Santiago de Compostela (1) - Ourense (1) - Monforte de Lemos (1) - Ponferrada (1) - León (1) - Sahagún (1) - Salamanca (*) (1) - Lisboa (*) (1) - Entroncamento (1) - A Coruña (1) - ,Medina del Campo (4) - Salamanca (*) (4) - Guadalajara (*) (2) - Madrid (*) (2) - Valencia (*) (1) - Villena (1) - XÃ tiva (1) - Elda-Petrer (1) - Teruel (1) - Alicante / Alacant (1) - Murcia (1) - Ferrol (1) - Lugo (1) - Cartagena (1) - Sevilla (1) - Valladolid Campo Grande (1) -  , 

Santander,6,18,Palencia (5) - Valladolid Campo Grande (5) - Madrid (*) (3) - Puertollano (1) - Jerez de la Frontera (1) - Sevilla (1) - Córdoba (1) - Puerto Santa María (1) - Ciudad Real (1) - Alicante / Alacant (1) - Villena AV (1) - Albacete (1) - San Fernando (*) (1) - Segovia (*) (1) - Cádiz (1) - Oviedo (1) - ,Salamanca (*) (1) - Medina del Campo (1) - Valladolid Campo Grande (1) - Palencia (1) -  , 

Segovia (*),34,54,Madrid (*) (19) - Valladolid Campo Grande (13) - Albacete (3) - Villena AV (3) - Alicante / Alacant (3) - Medina del Campo (2) - Hendaya (2) - Irún (2) - San Sebastián/Donostia (2) - Bilbao-Abando (2) - Vitoria/Gasteiz (2) - Miranda de Ebro (2) - Burgos Rosa de Lima (2) - Zamora (2) - Palencia (2) - Ourense (2) - Ferrol (2) - Cuenca (*) (2) - Oviedo (1) - Lugo (1) - Monforte de Lemos (1) - León (1) - Pontevedra (1) - Vigo Guixar (1) - A Coruña (1) - Santiago de Compostela (1) - Sahagún (1) - Santander (1) - Gijón (1) - ,Córdoba (6) - Puertollano (4) - Valencia (*) (4) - Ciudad Real (4) - Sevilla (4) - Madrid (*) (3) - Málaga MarÃ­a Zambrano (3) - Jerez de la Frontera (2) - Puerto Santa María (2) - San Fernando (*) (2) - Antequera (*) (2) - Cádiz (2) - Valladolid Campo Grande (2) - A Coruña (2) - Vigo Guixar (2) - Albacete (1) - Guadalajara (*) (1) - Cartagena (1) - Murcia (1) - Zaragoza (*) (1) - Lleida (1) - Puente Genil (*) (1) - Tarragona (*) (1) - Barcelona (*) (1) - Girona (1) - Figueres Vilafant (1) - Granada (1) - Santander (1) - Burgos Rosa de Lima (1) - Requena / Utiel (1) - Cuenca (*) (1) - Alicante / Alacant (1) - Elda-Petrer (1) - Villena (1) - Miranda de Ebro (1) - Santiago de Compostela (1) - Zamora (1) - Medina del Campo (1) - Vitoria/Gasteiz (1) - Pontevedra (1) -  , 

Sevilla,55,50,Córdoba (37) - Madrid (*) (19) - Ciudad Real (10) - Málaga MarÃ­a Zambrano (10) - Puertollano (9) - Antequera (*) (9) - Cádiz (6) - Puente Genil (*) (6) - Jerez de la Frontera (6) - Puerto Santa María (6) - San Fernando (*) (6) - Bobadilla (4) - Huelva (3) - Almería (3) - Tarragona (*) (3) - Barcelona (*) (3) - Jaén (3) - Granada (3) - Valladolid Campo Grande (2) - Zaragoza (*) (2) - Valencia (*) (2) - Lleida (2) - Palencia (2) - Cuenca (*) (1) - Mérida (1) - Oviedo (1) - Santander (1) - Gijón (1) - León (1) - Castellón /Castelló (1) - Sahagún (1) - XÃ tiva (1) - Albacete (1) - Alcázar de San Juan (1) - Valdepeñas (1) - Linares-Baeza (1) - Cáceres (1) - ,Cádiz (9) - Puerto Santa María (9) - Jerez de la Frontera (9) - San Fernando (*) (9) - Figueres Vilafant (3) - Girona (3) - Barcelona (*) (3) - Valencia (*) (2) - Madrid (*) (2) - Segovia (*) (2) - Valladolid Campo Grande (2) - Málaga MarÃ­a Zambrano (1) - Miranda de Ebro (1) - Vitoria/Gasteiz (1) - San Sebastián/Donostia (1) - Irún (1) - Hendaya (1) - Bobadilla (1) - Burgos Rosa de Lima (1) - Badajoz (1) - Tarragona (*) (1) - Mérida (1) - Zaragoza (*) (1) - Guadalajara (*) (1) - Almería (1) - Granada (1) - Antequera (*) (1) - Cuenca (*) (1) - Requena / Utiel (1) - Bilbao-Abando (1) -  , 

Soria,2,2,Madrid (*) (2) - Guadalajara (*) (2) - , , 

Teruel,8,17,Zaragoza (*) (4) - Valencia (*) (4) - Murcia (1) - Cartagena (1) - Elda-Petrer (1) - Villena (1) - XÃ tiva (1) - Alicante / Alacant (1) - ,Tudela de Navarra (3) - Bilbao-Abando (2) - Madrid (*) (2) - Miranda de Ebro (2) - Logroño (2) - Pamplona/Iruña (1) - San Sebastián/Donostia (1) - Irún (1) - Calatayud (1) -  , 

Toledo,13,16,Madrid (*) (13) - ,Ciudad Real (2) - Puertollano (2) - Córdoba (2) - Sevilla (2) - Cádiz (1) - Valladolid Campo Grande (1) - Segovia (*) (1) - Palencia (1) - San Fernando (*) (1) - Puerto Santa María (1) - Jerez de la Frontera (1) - Sahagún (1) - León (1) - Oviedo (1) - Gijón (1) -  , 

Tudela de Navarra,34,44,Zaragoza (*) (12) - Pamplona/Iruña (11) - Lleida (7) - Barcelona (*) (7) - Tarragona (*) (7) - Logroño (6) - Madrid (*) (5) - Burgos Rosa de Lima (5) - Miranda de Ebro (4) - León (3) - Palencia (3) - Vitoria/Gasteiz (3) - Sahagún (2) - Calatayud (2) - Guadalajara (*) (2) - San Sebastián/Donostia (2) - Vigo Guixar (2) - Irún (2) - Ourense (2) - Ponferrada (2) - Monforte de Lemos (2) - Lugo (1) - A Coruña (1) - Valladolid Campo Grande (1) - Oviedo (1) - Gijón (1) - ,Zaragoza (*) (6) - Madrid (*) (6) - Miranda de Ebro (4) - Guadalajara (*) (4) - Santiago de Compostela (3) - A Coruña (3) - Logroño (3) - Valencia (*) (2) - Pamplona/Iruña (2) - Burgos Rosa de Lima (2) - Lleida (2) - Tarragona (*) (2) - Barcelona (*) (2) - Cartagena (2) - Murcia (2) - Alicante / Alacant (2) - Elda-Petrer (2) - Villena (2) - XÃ tiva (2) - Bilbao-Abando (2) - Teruel (2) - Medina del Campo (1) - Valladolid Campo Grande (1) - Córdoba (1) - Antequera (*) (1) - Málaga MarÃ­a Zambrano (1) - Salamanca (*) (1) - Ourense (1) - Monforte de Lemos (1) - Ponferrada (1) - León (1) - Sahagún (1) - Palencia (1) - Girona (1) - Figueres Vilafant (1) - Vitoria/Gasteiz (1) - Lugo (1) - Ferrol (1) - Calatayud (1) -  , 

Valdepeñas,12,21,Alcázar de San Juan (6) - Linares-Baeza (6) - Madrid (*) (5) - Jaén (4) - Córdoba (1) - Sevilla (1) - Almería (1) - Tarragona (*) (1) - Castellón /Castelló (1) - Valencia (*) (1) - XÃ tiva (1) - Albacete (1) - Barcelona (*) (1) - ,Girona (2) - Figueres Vilafant (2) - Barcelona (*) (1) - Antequera (*) (1) - Puente Genil (*) (1) - Málaga MarÃ­a Zambrano (1) - Tarragona (*) (1) - Zaragoza (*) (1) - Guadalajara (*) (1) - Almería (1) - Huelva (1) - Madrid (*) (1) -  , 

Valencia (*),63,54,Castellón /Castelló (18) - Madrid (*) (17) - Barcelona (*) (15) - Tarragona (*) (15) - Benicassim (11) - XÃ tiva (11) - Cuenca (*) (11) - Valencia (*) (10) - Alicante / Alacant (9) - Oropesa/Orpesa (9) - Albacete (6) - Villena (6) - Elda-Petrer (6) - Requena / Utiel (4) - Alcázar de San Juan (4) - Murcia (4) - Teruel (3) - Zaragoza (*) (3) - Cartagena (3) - Gandía (2) - Linares-Baeza (2) - Córdoba (2) - Sevilla (2) - Girona (2) - Figueres (1) - Valdepeñas (1) - Portbou (1) - Montpellier (1) - Figueres Vilafant (1) - Ciudad Real (1) - Puertollano (1) - Granada (1) - ,Madrid (*) (7) - Girona (6) - Figueres Vilafant (6) - Málaga MarÃ­a Zambrano (3) - Valladolid Campo Grande (3) - Tarragona (*) (3) - Barcelona (*) (3) - Alicante / Alacant (2) - Segovia (*) (2) - Tudela de Navarra (2) - Almería (1) - Gijón (1) - Oviedo (1) - León (1) - Palencia (1) - Pamplona/Iruña (1) - Badajoz (1) - Huelva (1) - Mérida (1) - Calatayud (1) - Logroño (1) - Antequera (*) (1) - Puente Genil (*) (1) - Puertollano (1) - Ciudad Real (1) - Miranda de Ebro (1) - San Sebastián/Donostia (1) - Irún (1) - Bilbao-Abando (1) - Cuenca (*) (1) - Oropesa/Orpesa (1) - Benicassim (1) - Castellón /Castelló (1) - Lorca-Sutullena (1) - Murcia (1) - Sevilla (1) - Elda-Petrer (1) - Villena (1) - XÃ tiva (1) -  , 

Valladolid Campo Grande,66,67,Madrid (*) (29) - Palencia (22) - Medina del Campo (18) - León (12) - Segovia (*) (11) - Avila (10) - Miranda de Ebro (7) - Sahagún (7) - Burgos Rosa de Lima (7) - Salamanca (*) (6) - Vitoria/Gasteiz (6) - Santander (5) - Oviedo (5) - Gijón (5) - Irún (4) - San Sebastián/Donostia (4) - Ponferrada (3) - Sevilla (2) - Jerez de la Frontera (2) - Córdoba (2) - Puertollano (2) - Ciudad Real (2) - Puerto Santa María (2) - San Fernando (*) (2) - Cádiz (2) - Monforte de Lemos (2) - Hendaya (2) - Blois (1) - Orleans-Les Aubrais (1) - Bilbao-Abando (1) - Oporto-Porto Campanha (1) - Oropesa/Orpesa (1) - Benicassim (1) - Castellón /Castelló (1) - Valencia (*) (1) - Barcelona (*) (1) - Tarragona (*) (1) - Lleida (1) - Zaragoza (*) (1) - Tudela de Navarra (1) - Logroño (1) - París Austerlitz (1) - Entroncamento (1) - Alicante / Alacant (1) - Villena AV (1) - Albacete (1) - Lisboa (*) (1) - Lugo (1) - Ferrol (1) - Ourense (1) - Vigo Guixar (1) - Zamora (1) - ,Madrid (*) (6) - Burgos Rosa de Lima (4) - Miranda de Ebro (4) - Puertollano (3) - Ciudad Real (3) - Córdoba (3) - Palencia (3) - Hendaya (2) - Albacete (2) - Alicante / Alacant (2) - Ponferrada (2) - Santander (2) - León (2) - Irún (2) - San Sebastián/Donostia (2) - Bilbao-Abando (2) - Vitoria/Gasteiz (2) - Oviedo (2) - Zaragoza (*) (2) - Segovia (*) (2) - Vigo Guixar (2) - Valencia (*) (2) - Sevilla (2) - Ourense (2) - Antequera (*) (2) - Málaga MarÃ­a Zambrano (1) - Barcelona (*) (1) - Tarragona (*) (1) - Girona (1) - Puente Genil (*) (1) - Lleida (1) - Figueres Vilafant (1) - Granada (1) - Logroño (1) - Tudela de Navarra (1) - Jerez de la Frontera (1) - Guadalajara (*) (1) - Cartagena (1) - Murcia (1) - Elda-Petrer (1) - Villena (1) - Puerto Santa María (1) - Villena AV (1) - San Fernando (*) (1) - Cuenca (*) (1) - Cádiz (1) - Gijón (1) - Ferrol (1) - Pontevedra (1) - Sahagún (1) - A Coruña (1) - Santiago de Compostela (1) - Monforte de Lemos (1) - Zamora (1) -  , 

Vigo Guixar,32,46,Pontevedra (22) - Santiago de Compostela (17) - A Coruña (16) - Ourense (8) - Madrid (*) (4) - León (3) - Ponferrada (3) - Zamora (3) - Medina del Campo (3) - Monforte de Lemos (3) - Palencia (2) - Segovia (*) (2) - Porto Campanha-Oporto (2) - Avila (1) - Tudela de Navarra (1) - Zaragoza (*) (1) - Sahagún (1) - Valladolid Campo Grande (1) - Burgos Rosa de Lima (1) - Lleida (1) - Tarragona (*) (1) - Barcelona (*) (1) - Logroño (1) - ,Ourense (9) - León (3) - Ponferrada (3) - Sahagún (3) - Madrid (*) (3) - Monforte de Lemos (3) - Palencia (3) - Córdoba (2) - Cuenca (*) (2) - Tudela de Navarra (2) - Pamplona/Iruña (2) - Vitoria/Gasteiz (2) - Miranda de Ebro (2) - Burgos Rosa de Lima (2) - Medina del Campo (2) - Zaragoza (*) (2) - Irún (1) - Valladolid Campo Grande (1) - Girona (1) - Figueres Vilafant (1) - Hendaya (1) - Avila (1) - Lleida (1) - Cádiz (1) - San Fernando (*) (1) - Puerto Santa María (1) - Jerez de la Frontera (1) - Alicante / Alacant (1) - Málaga MarÃ­a Zambrano (1) - Villena AV (1) - Albacete (1) - Sevilla (1) - Tarragona (*) (1) - Valencia (*) (1) - Requena / Utiel (1) - Barcelona (*) (1) - Bilbao-Abando (1) - Segovia (*) (1) - San Sebastián/Donostia (1) - Zamora (1) - Salamanca (*) (1) -  , 

Villena,18,31,Elda-Petrer (8) - Alicante / Alacant (8) - XÃ tiva (7) - Valencia (*) (7) - Benicassim (4) - Murcia (4) - Barcelona (*) (4) - Tarragona (*) (4) - Castellón /Castelló (4) - Cartagena (3) - Oropesa/Orpesa (2) - Albacete (2) - Alcázar de San Juan (2) - Ciudad Real (2) - Montpellier (1) - Portbou (1) - Figueres (1) - Girona (1) - Teruel (1) - Zaragoza (*) (1) - ,Madrid (*) (3) - Girona (2) - Figueres Vilafant (2) - Valladolid Campo Grande (1) - León (1) - Sahagún (1) - Palencia (1) - Oviedo (1) - Segovia (*) (1) - Cuenca (*) (1) - Gijón (1) - Lorca-Sutullena (1) - Murcia (1) - Alicante / Alacant (1) - Elda-Petrer (1) -  , 

Vitoria/Gasteiz,27,37,Miranda de Ebro (14) - Burgos Rosa de Lima (11) - San Sebastián/Donostia (7) - Irún (7) - Valladolid Campo Grande (7) - Palencia (6) - Madrid (*) (6) - Pamplona/Iruña (5) - Zaragoza (*) (4) - Hendaya (4) - Tudela de Navarra (4) - Medina del Campo (4) - León (3) - Avila (3) - Sahagún (3) - Segovia (*) (2) - Tarragona (*) (2) - Lleida (2) - Ponferrada (2) - Monforte de Lemos (2) - Barcelona (*) (2) - Ourense (2) - Vigo Guixar (2) - Blois (1) - Santiago de Compostela (1) - A Coruña (1) - Oporto-Porto Campanha (1) - Lisboa (*) (1) - Entroncamento (1) - Orleans-Les Aubrais (1) - Salamanca (*) (1) - Oviedo (1) - Gijón (1) - París Austerlitz (1) - ,Salamanca (*) (5) - Medina del Campo (5) - A Coruña (2) - Lugo (2) - Ferrol (1) - Pamplona/Iruña (1) - Tudela de Navarra (1) - Zaragoza (*) (1) - Sevilla (1) - Valladolid Campo Grande (1) - Segovia (*) (1) - Santiago de Compostela (1) - Madrid (*) (1) -  , 

Zamora,9,29,Medina del Campo (5) - Ourense (4) - Madrid (*) (4) - A Coruña (3) - Santiago de Compostela (3) - Segovia (*) (3) - Pontevedra (3) - Vigo Guixar (3) - Ferrol (2) - Monforte de Lemos (1) - Lugo (1) - Avila (1) - Valladolid Campo Grande (1) - ,Córdoba (3) - Cuenca (*) (2) - Madrid (*) (2) - A Coruña (2) - Valencia (*) (2) - Vigo Guixar (2) - Sevilla (2) - Málaga MarÃ­a Zambrano (2) - Villena AV (1) - Alicante / Alacant (1) - Puerto Santa María (1) - Jerez de la Frontera (1) - Albacete (1) - San Fernando (*) (1) - Cádiz (1) - Medina del Campo (1) - Requena / Utiel (1) - Segovia (*) (1) - Ciudad Real (1) - Puertollano (1) - Santiago de Compostela (1) - Salamanca (*) (1) - Pontevedra (1) -  , 

Madrid (*),147,91,Valladolid Campo Grande (25) - Córdoba (21) - Ciudad Real (21) - Puertollano (20) - Segovia (*) (18) - Valencia (*) (17) - Cuenca (*) (15) - Avila (15) - Sevilla (15) - Zaragoza (*) (14) - Albacete (14) - Barcelona (*) (13) - Palencia (12) - Guadalajara (*) (12) - Toledo (11) - Tarragona (*) (11) - Alcázar de San Juan (11) - Medina del Campo (10) - Calatayud (9) - Figueres Vilafant (8) - Alicante / Alacant (8) - Girona (8) - Madrid (*) (8) - Lleida (7) - Villena AV (7) - Salamanca (*) (6) - León (6) - Miranda de Ebro (5) - Burgos Rosa de Lima (5) - Vitoria/Gasteiz (5) - Antequera (*) (5) - Ourense (5) - Tudela de Navarra (4) - Irún (4) - Zamora (4) - Málaga MarÃ­a Zambrano (4) - Linares-Baeza (4) - Valdepeñas (4) - Sahagún (4) - Vigo Guixar (4) - Pamplona/Iruña (4) - San Sebastián/Donostia (4) - Castellón /Castelló (3) - Benicassim (3) - A Coruña (3) - Santander (3) - Gijón (3) - Requena / Utiel (3) - Oropesa/Orpesa (3) - Santiago de Compostela (3) - Pontevedra (3) - Jaén (3) - Cartagena (3) - Oviedo (3) - Murcia (3) - Monforte de Lemos (2) - Huelva (2) - Navalmoral de la Mata (2) - Ferrol (2) - San Fernando (*) (2) - Bilbao-Abando (2) - Puerto Santa María (2) - Cáceres (2) - Jerez de la Frontera (2) - Hendaya (2) - Cádiz (2) - Puente Genil (*) (2) - Granada (2) - Huesca (1) - Mérida (1) - Monzón-Río Cinca (1) - XÃ tiva (1) - Almería (1) - Soria (1) - Lugo (1) - Gandía (1) - Reus (1) - Ponferrada (1) - Algeciras (1) - Entroncamento (1) - Lisboa (*) (1) - Logroño (1) - Blois (1) - Orleans-Les Aubrais (1) - Oporto-Porto Campanha (1) - París Austerlitz (1) - ,Barcelona (*) (17) - Puerto Santa María (10) - San Fernando (*) (10) - Cádiz (10) - Jerez de la Frontera (10) - Valladolid Campo Grande (9) - Zaragoza (*) (8) - Córdoba (7) - Palencia (7) - Avila (6) - Sevilla (6) - Tudela de Navarra (6) - León (5) - Antequera (*) (5) - Albacete (5) - Tarragona (*) (5) - Huelva (5) - Miranda de Ebro (5) - Puertollano (5) - Alicante / Alacant (5) - Ciudad Real (5) - Logroño (4) - Villena (4) - Segovia (*) (4) - Elda-Petrer (4) - Medina del Campo (4) - Málaga MarÃ­a Zambrano (4) - Oviedo (3) - Linares-Baeza (3) - Lleida (3) - Calatayud (3) - Gijón (3) - Valencia (*) (3) - Alcázar de San Juan (3) - Burgos Rosa de Lima (3) - Mérida (3) - Badajoz (3) - Huesca (3) - Navalmoral de la Mata (3) - Algeciras (2) - Ponferrada (2) - Guadalajara (*) (2) - Murcia (2) - Sahagún (2) - Salamanca (*) (2) - Valdepeñas (2) - Cuenca (*) (2) - Vitoria/Gasteiz (2) - Figueres Vilafant (2) - Santander (2) - Cáceres (2) - Granada (2) - A Coruña (2) - Girona (2) - Bilbao-Abando (2) - Toledo (2) - Pamplona/Iruña (2) - Vigo Guixar (2) - Irún (2) - San Sebastián/Donostia (2) - Santiago de Compostela (1) - Zamora (1) - Pontevedra (1) - Bobadilla (1) - Jaén (1) - Ferrol (1) - Lugo (1) - Teruel (1) - Monforte de Lemos (1) - Castellón /Castelló (1) - Reus (1) - Soria (1) - Benicassim (1) - Oropesa/Orpesa (1) - Cartagena (1) - Almería (1) - Puente Genil (*) (1) - Gandía (1) - Requena / Utiel (1) -  , 

Tarragona (*),127,76,Barcelona (*) (65) - Lleida (27) - Zaragoza (*) (24) - Reus (18) - Castellón /Castelló (17) - Valencia (*) (17) - Madrid (*) (14) - Girona (10) - Figueres Vilafant (9) - Benicassim (8) - Guadalajara (*) (7) - Alicante / Alacant (7) - Tudela de Navarra (7) - Pamplona/Iruña (6) - Oropesa/Orpesa (6) - Calatayud (6) - Burgos Rosa de Lima (4) - XÃ tiva (4) - Palencia (3) - León (3) - Miranda de Ebro (3) - Villena (3) - Córdoba (3) - Elda-Petrer (3) - Albacete (2) - Linares-Baeza (2) - Alcázar de San Juan (2) - Ponferrada (2) - Cartagena (2) - Murcia (2) - Monforte de Lemos (2) - Ourense (2) - Ciudad Real (2) - Vigo Guixar (2) - Puente Genil (*) (2) - Antequera (*) (2) - Málaga MarÃ­a Zambrano (2) - Irún (2) - Sahagún (2) - San Sebastián/Donostia (2) - Vitoria/Gasteiz (2) - Logroño (2) - Cuenca (*) (1) - Montpellier (1) - Figueres (1) - Puertollano (1) - A Coruña (1) - Sevilla (1) - Lugo (1) - Valdepeñas (1) - Granada (1) - Valladolid Campo Grande (1) - Oviedo (1) - Gijón (1) - Portbou (1) - ,Barcelona (*) (9) - Girona (8) - Figueres Vilafant (8) - Lleida (7) - Córdoba (5) - Zaragoza (*) (5) - Sevilla (4) - Antequera (*) (3) - Málaga MarÃ­a Zambrano (3) - Ciudad Real (3) - Mérida (3) - Cádiz (2) - Tudela de Navarra (2) - Alcázar de San Juan (2) - San Fernando (*) (2) - Puertollano (2) - Cáceres (2) - Puerto Santa María (2) - Jerez de la Frontera (2) - Logroño (2) - Miranda de Ebro (2) - Navalmoral de la Mata (2) - Bilbao-Abando (2) - XÃ tiva (2) - A Coruña (2) - Badajoz (2) - Santiago de Compostela (2) - Huelva (1) - Almería (1) - Valdepeñas (1) - Linares-Baeza (1) - Puente Genil (*) (1) - Jaén (1) - Bobadilla (1) - Granada (1) - Algeciras (1) - Albacete (1) - Madrid (*) (1) - Cuenca (*) (1) - Requena / Utiel (1) - Lorca-Sutullena (1) - Murcia (1) - Alicante / Alacant (1) - Elda-Petrer (1) - Villena (1) - Medina del Campo (1) - Valencia (*) (1) - Castellón /Castelló (1) - Benicassim (1) - Salamanca (*) (1) - Lugo (1) - Ferrol (1) - Huesca (1) -  , 

Villena AV,14,20,Albacete (7) - Alicante / Alacant (7) - Madrid (*) (7) - Cuenca (*) (5) - Segovia (*) (2) - Valladolid Campo Grande (2) - Palencia (2) - Sahagún (1) - León (1) - Oviedo (1) - Gijón (1) - Santander (1) - ,Ferrol (1) - Pontevedra (1) - Vigo Guixar (1) - A Coruña (1) - Santiago de Compostela (1) - Ourense (1) - Zamora (1) - Medina del Campo (1) - Segovia (*) (1) -  , 

XÃ tiva,23,36,Valencia (*) (11) - Elda-Petrer (6) - Alicante / Alacant (6) - Villena (6) - Barcelona (*) (5) - Albacete (5) - Castellón /Castelló (5) - Tarragona (*) (5) - Murcia (4) - Benicassim (4) - Cartagena (3) - Alcázar de San Juan (3) - Oropesa/Orpesa (2) - Madrid (*) (1) - Sevilla (1) - Córdoba (1) - Linares-Baeza (1) - Valdepeñas (1) - Cuenca (*) (1) - Girona (1) - Figueres (1) - Portbou (1) - Montpellier (1) - Teruel (1) - Zaragoza (*) (1) - ,Figueres Vilafant (3) - Girona (3) - Benicassim (2) - Castellón /Castelló (2) - Oropesa/Orpesa (2) - Tarragona (*) (2) - Barcelona (*) (2) - Madrid (*) (1) - Puente Genil (*) (1) - Puertollano (1) - Ciudad Real (1) - Antequera (*) (1) - Málaga MarÃ­a Zambrano (1) - Almería (1) - Lorca-Sutullena (1) - Murcia (1) - Mérida (1) - Huelva (1) - Badajoz (1) - Alicante / Alacant (1) - Elda-Petrer (1) - Valencia (*) (1) - Villena (1) -  , 

Zaragoza (*),87,68,Barcelona (*) (31) - Tarragona (*) (25) - Lleida (22) - Madrid (*) (22) - Calatayud (14) - Tudela de Navarra (13) - Guadalajara (*) (10) - Figueres Vilafant (9) - Girona (9) - Pamplona/Iruña (8) - Huesca (7) - Logroño (5) - Zaragoza (*) (5) - Burgos Rosa de Lima (5) - Teruel (4) - Miranda de Ebro (4) - Vitoria/Gasteiz (3) - León (3) - Palencia (3) - Valencia (*) (3) - Reus (3) - Monzón-Río Cinca (3) - Antequera (*) (2) - San Sebastián/Donostia (2) - Irún (2) - Málaga MarÃ­a Zambrano (2) - Ponferrada (2) - Monforte de Lemos (2) - Ciudad Real (2) - Ourense (2) - Córdoba (2) - Sahagún (2) - Puente Genil (*) (2) - Vigo Guixar (2) - Valladolid Campo Grande (1) - Gijón (1) - Oviedo (1) - A Coruña (1) - Puertollano (1) - Lugo (1) - Villena (1) - Elda-Petrer (1) - Alicante / Alacant (1) - Murcia (1) - Cartagena (1) - XÃ tiva (1) - ,Córdoba (9) - Sevilla (6) - Barcelona (*) (5) - Tudela de Navarra (5) - Miranda de Ebro (4) - Tarragona (*) (4) - Lleida (4) - Málaga MarÃ­a Zambrano (4) - Logroño (3) - Figueres Vilafant (3) - Girona (3) - Ciudad Real (3) - Pamplona/Iruña (3) - A Coruña (3) - Santiago de Compostela (3) - Antequera (*) (3) - Mérida (2) - Navalmoral de la Mata (2) - Burgos Rosa de Lima (2) - Valladolid Campo Grande (2) - Puertollano (2) - Bilbao-Abando (2) - Jerez de la Frontera (2) - Cáceres (2) - Cádiz (2) - San Fernando (*) (2) - Puerto Santa María (2) - Granada (1) - Algeciras (1) - Badajoz (1) - Linares-Baeza (1) - Bobadilla (1) - Jaén (1) - Valdepeñas (1) - Medina del Campo (1) - Alcázar de San Juan (1) - Ourense (1) - Monforte de Lemos (1) - Ponferrada (1) - León (1) - Sahagún (1) - Palencia (1) - Puente Genil (*) (1) - Salamanca (*) (1) - Vitoria/Gasteiz (1) - Lugo (1) - Ferrol (1) - Segovia (*) (1) -  , 
